Location,Burrito,Number of Burritos,Date,Neighborhood,Address,JSON,lon,lat,Coverage,URL,Yelp,Google,Chips,Cost,Hunger,Mass (g),Density (g/mL),Length,Circum,Volume,Tortilla,Temp,Meat,Fillings,Meat:filling,Uniformity,Salsa,Synergy,Wrap,overall,Rec,Reviewer,Notes,Unreliable,NonSD,Beef,Pico,Guac,Cheese,Fries,Sour cream,Pork,Chicken,Shrimp,Fish,Rice,Beans,Lettuce,Tomato,Bell peper,Carrots,Cabbage,Sauce,Salsa2,Cilantro,Onion,Taquito,Pineapple,Ham,Chile relleno,Nopales,Lobster,Queso,Egg,Mushroom,Bacon,Sushi,Avocado,Corn,Zucchini,Place,By
Albertacos,California ,2,2016-06-08,San Marcos,500 W San Marcos Blvd,"[{""place_id"":""51401160"",""licence"":""Data © OpenStreetMap contributors, ODbL 1.0. http:\/\/www.openstreetmap.org\/copyright"",""osm_type"":""node"",""osm_id"":""4063505923"",""boundingbox"":[""33.1393291"",""33.1394291"",""-117.1721318"",""-117.1720318""],""lat"":""33.1393791"",""lon"":""-117.1720818"",""display_name"":""ACE Cash Express, 500, West San Marcos Boulevard, San Elijo Hills, San Marcos, San Diego County, California, 92069, United States of America"",""class"":""shop"",""type"":""yes"",""importance"":0.721,""address"":{""shop"":""ACE Cash Express"",""house_number"":""500"",""road"":""West San Marcos Boulevard"",""suburb"":""San Elijo Hills"",""city"":""San Marcos"",""county"":""San Diego County"",""state"":""California"",""postcode"":""92069"",""country"":""United States of America"",""country_code"":""us""}}]",-117.1720818,33.1393791,POINT(-13043536.4812 3913818.85445),<a href='https://www.yelp.com/biz/albertacos-san-marcos'>https://www.yelp.com/biz/albertacos-san-marcos</a>,3.5,3.9,,5.7,3.5,,,20.5,21.5,0.75,3.5,3,3,4,1.5,4,4,4,4,3.7,Yes,Scott,,,,X,X,X,X,X,X,,,,,,,,,,,,,,,,,,,,,,,,,,,,,,,
Burrito Factory,Steak everything ,1,2017-07-13,Austin,2025 Guadalupe St,"[{""place_id"":""16413386"",""licence"":""Data © OpenStreetMap contributors, ODbL 1.0. http:\/\/www.openstreetmap.org\/copyright"",""osm_type"":""node"",""osm_id"":""1488916371"",""boundingbox"":[""30.2833206"",""30.2834206"",""-97.7414368"",""-97.7413368""],""lat"":""30.2833706"",""lon"":""-97.7413868"",""display_name"":""Dobie Tower Food Court, 2025, Guadalupe Street, The Drag, Austin, Travis County, Texas, 78701, United States of America"",""class"":""amenity"",""type"":""food_court"",""importance"":0.421,""address"":{""address29"":""Dobie Tower Food Court"",""house_number"":""2025"",""road"":""Guadalupe Street"",""neighbourhood"":""The Drag"",""city"":""Austin"",""county"":""Travis County"",""state"":""Texas"",""postcode"":""78701"",""country"":""United States of America"",""country_code"":""us""}}]",-97.7413868,30.2833706,POINT(-10880521.408 3540026.74423),<a href='https://www.yelp.com/biz/burrito-factory-austin'>https://www.yelp.com/biz/burrito-factory-austin</a>,4.5,4.8,,7.35,3.5,,,17,23,0.72,3.2,3,3.5,3.5,3,3.3,3,3.8,2,3.5,,Scott,,,x,,,,,,,,,,,,,,,,,,,,,,,,,,,,,,,,,,,,,
Burros and Fries,California,3,2016-08-12,Clairemont,4705 Clairemont Dr,"[{""place_id"":""5722412"",""licence"":""Data © OpenStreetMap contributors, ODbL 1.0. http:\/\/www.openstreetmap.org\/copyright"",""osm_type"":""node"",""osm_id"":""596821227"",""boundingbox"":[""32.829648"",""32.829748"",""-117.204843"",""-117.204743""],""lat"":""32.829698"",""lon"":""-117.204793"",""display_name"":""4705, Clairemont Drive, Clairemont, San Diego, San Diego County, California, 92037, United States of America"",""class"":""place"",""type"":""house"",""importance"":0.541,""address"":{""house_number"":""4705"",""road"":""Clairemont Drive"",""suburb"":""Clairemont"",""city"":""San Diego"",""county"":""San Diego County"",""state"":""California"",""postcode"":""92037"",""country"":""United States of America"",""country_code"":""us""}}]",-117.204793,32.829698,POINT(-13047177.8753 3872720.97647),<a href='http://www.burrosandfries.com/'>http://www.burrosandfries.com/</a>,3.5,4.1,,6.89,4,,,21.5,22.5,0.87,3.5,4.5,3.5,3.5,3,1.5,2.5,3.5,5,3.5,Yes,Scott,good fries,,,x,x,,x,x,x,,,,,,,,,,,,,,,,,,,,,,,,,,,,,,,
Caliente Mexican Food,carne asada ,3,2017-07-06,Sorrento Valley,11815 Sorrento Valley Rd,[],,,,<a href='https://www.yelp.com/biz/caliente-mexican-food-san-diego'>https://www.yelp.com/biz/caliente-mexican-food-san-diego</a>,3.5,4.4,,5.56,2.5,420,0.617647059,21.5,20,0.68,2.5,3,2.5,3.5,4.5,4.5,3.7,3.3,4.5,3.5,,Scott,,,,,,,,,,,,,,,,,,,,,,,,,,,,,,,,,,,,,,,,
California Burrito Company,Dave's California,3,2016-10-12,Miramar,6912 Miramar Rd,"[{""place_id"":""166773183"",""licence"":""Data © OpenStreetMap contributors, ODbL 1.0. http:\/\/www.openstreetmap.org\/copyright"",""osm_type"":""way"",""osm_id"":""436428517"",""boundingbox"":[""32.893698"",""32.8937565"",""-117.1234455"",""-117.1188758""],""lat"":""32.8937565"",""lon"":""-117.1199398"",""display_name"":""Miramar Road, Mira Mesa, San Diego, San Diego County, California, SCRIPPS RANCH BLVD., United States of America"",""class"":""highway"",""type"":""primary"",""importance"":0.335,""address"":{""road"":""Miramar Road"",""suburb"":""Mira Mesa"",""city"":""San Diego"",""county"":""San Diego County"",""state"":""California"",""postcode"":""SCRIPPS RANCH BLVD."",""country"":""United States of America"",""country_code"":""us""}}]",-117.1199398,32.8937565,POINT(-13037732.0603 3881210.39167),<a href='https://www.yelp.com/biz/california-burrito-company-san-diego-2'>https://www.yelp.com/biz/california-burrito-company-san-diego-2</a>,3.5,4.4,,6.5,4,,,19.5,21,0.68,3,2.5,2.5,3,4,3.5,2.5,3,5,3.3,No,Scott,The burrito looked beautiful when it came out. Chicken didn't add anything. would probably get the regular,,,x,,,x,x,x,,x,,,,,,,,,,,,,,,,,,,,,,,,,,,,,
California Burritos,California Everything,6,2016-04-15,Linda Vista,7754 Starling Dr,[],,,,<a href='https://www.yelp.com/biz/california-burritos-san-diego'>https://www.yelp.com/biz/california-burritos-san-diego</a>,4.5,4.4,x,6.25,4,,,,,,4.5,4.5,2.5,3.5,3.5,3.5,3,4,5,4.1,Yes,Scott,,,,x,x,x,x,x,x,,,,,,,,,,,,,,,,,,,,,,,,,,,,,,,
Cancun Mexican & Seafood,California,2,2016-03-20,Encinitas,1766 N Coast Hwy,[],,,,<a href='http://cancunmexicanandseafood.com/'>http://cancunmexicanandseafood.com/</a>,4.5,4.1,x,6.99,4,,,,,,4,4.5,4,3.5,4,2.5,2,4,4,4.2,,Scott,A bit small,,,x,,,x,x,x,,,,,,,,,,,,,,,,,,,,,,,,,,,,,,,
Carmen's Mexican Food,Adobada,2,2016-08-19,Clairemont,4937 Diane Ave,"[{""place_id"":""158440088"",""licence"":""Data © OpenStreetMap contributors, ODbL 1.0. http:\/\/www.openstreetmap.org\/copyright"",""osm_type"":""way"",""osm_id"":""390553177"",""boundingbox"":[""32.8344012"",""32.8345433"",""-117.1870819"",""-117.18708""],""lat"":""32.8345433"",""lon"":""-117.18708"",""display_name"":""Diane Avenue, Clairemont, San Diego, San Diego County, California, 92117, United States of America"",""class"":""highway"",""type"":""tertiary"",""importance"":0.445,""address"":{""road"":""Diane Avenue"",""suburb"":""Clairemont"",""city"":""San Diego"",""county"":""San Diego County"",""state"":""California"",""postcode"":""92117"",""country"":""United States of America"",""country_code"":""us""}}]",-117.18708,32.8345433,POINT(-13045206.0732 3873362.89034),<a href='https://www.yelp.com/biz/carmens-authentic-mexican-food-san-diego'>https://www.yelp.com/biz/carmens-authentic-mexican-food-san-diego</a>,4,4.2,,6.5,3.5,,,20.5,20.5,0.69,2.5,4,3.5,4,4,3,1.5,3.5,5,3.6,Yes,Scott,really good guac,,,,,x,,,,x,,,,,x,,,,,,,,x,x,,,,,,,,,,,,,,,,
Chipotle,Carnitas,2,2016-09-13,Carlsbad,2505 Palomar airport Rd,"[{""place_id"":""52407885"",""licence"":""Data © OpenStreetMap contributors, ODbL 1.0. http:\/\/www.openstreetmap.org\/copyright"",""osm_type"":""node"",""osm_id"":""4069228017"",""boundingbox"":[""33.1279918"",""33.1280918"",""-117.270445"",""-117.270345""],""lat"":""33.1280418"",""lon"":""-117.270395"",""display_name"":""Chipotle, 2505, Palomar Airport Road, Carlsbad, San Diego County, California, 92011, United States of America"",""class"":""amenity"",""type"":""fast_food"",""importance"":0.531,""icon"":""http:\/\/nominatim.openstreetmap.org\/images\/mapicons\/food_fastfood.p.20.png"",""address"":{""fast_food"":""Chipotle"",""house_number"":""2505"",""road"":""Palomar Airport Road"",""city"":""Carlsbad"",""county"":""San Diego County"",""state"":""California"",""postcode"":""92011"",""country"":""United States of America"",""country_code"":""us""}}]",-117.270395,33.1280418,POINT(-13054480.6565 3912311.72932),<a href='https://www.yelp.com/biz/chipotle-mexican-grill-carlsbad'>https://www.yelp.com/biz/chipotle-mexican-grill-carlsbad</a>,3,4.2,,7.15,4,,,16.5,26.5,0.92,2.5,2.5,3,2.8,2.5,3.5,,3,3.5,2.75,Yes,Emily,,,,,X,,,,X,X,,,,X,X,,,X,,,,,,,,,,,,,,,,,,,X,,,
Colima's Mexican Food,Hawaiian,3,2016-03-03,North park,2302 University Ave,"[{""place_id"":""5478695"",""licence"":""Data © OpenStreetMap contributors, ODbL 1.0. http:\/\/www.openstreetmap.org\/copyright"",""osm_type"":""node"",""osm_id"":""596075659"",""boundingbox"":[""32.748637"",""32.748737"",""-117.139627"",""-117.139527""],""lat"":""32.748687"",""lon"":""-117.139577"",""display_name"":""2302, University Avenue, North Park, San Diego, San Diego County, California, 92104, United States of America"",""class"":""place"",""type"":""house"",""importance"":0.621,""address"":{""house_number"":""2302"",""road"":""University Avenue"",""neighbourhood"":""North Park"",""suburb"":""North Park"",""city"":""San Diego"",""county"":""San Diego County"",""state"":""California"",""postcode"":""92104"",""country"":""United States of America"",""country_code"":""us""}}]",-117.139577,32.748687,POINT(-13039918.0634 3861993.67819),<a href='https://www.yelp.com/biz/colimas-mexican-food-san-diego'>https://www.yelp.com/biz/colimas-mexican-food-san-diego</a>,4,4.2,,6.29,3.5,,,,,,3.5,5,4,4,3.5,4.5,3.5,3.5,4,4,,Scott,,,,,,,x,,,x,,,,,,,,,,,,,,,,x,x,,,,,,,,,,,,,
Cortez Mexican Food,California ,1,2016-10-07,Bonsall,5517 Mission Rd,"[{""place_id"":""116950848"",""licence"":""Data © OpenStreetMap contributors, ODbL 1.0. http:\/\/www.openstreetmap.org\/copyright"",""osm_type"":""way"",""osm_id"":""205580713"",""boundingbox"":[""33.2739882"",""33.2811127"",""-117.2359224"",""-117.2268949""],""lat"":""33.2781604"",""lon"":""-117.231125"",""display_name"":""Mission Road, Bonsall, San Diego County, California, 92003, United States of America"",""class"":""highway"",""type"":""unclassified"",""importance"":0.345,""address"":{""road"":""Mission Road"",""village"":""Bonsall"",""county"":""San Diego County"",""state"":""California"",""postcode"":""92003"",""country"":""United States of America"",""country_code"":""us""}}]",-117.231125,33.2781604,POINT(-13050109.1401 3932283.57401),<a href='https://www.yelp.com/biz/cortez-mexican-food-bonsall'>https://www.yelp.com/biz/cortez-mexican-food-bonsall</a>,4.2,4,,6.25,4,,,22.5,18,0.58,3.5,4,2.5,3,1.5,2.5,2.5,2.8,5,3.2,No,Scott ,,,,X,X,X,X,X,X,,,,,,,,,,,,,,,,,,,,,,,,,,,,,,,
Cotixan,California,1,2017-02-23,Clairemont,4370 Genessee Ave,[],,,,<a href='https://www.yelp.com/biz/cotixan-mexican-and-seafood-san-diego'>https://www.yelp.com/biz/cotixan-mexican-and-seafood-san-diego</a>,4,4,,7.19,4.5,,,20,24,0.92,4,2,3,3.8,3.5,2,4,4,4,3.5,,Scott,,,,,,,,,,,,,,,,,,,,,,,,,,,,,,,,,,,,,,,,
Don Carlos Taco Shop,California,1,2017-05-09,La Jolla,737 Pearl St,"[{""place_id"":""51332574"",""licence"":""Data © OpenStreetMap contributors, ODbL 1.0. http:\/\/www.openstreetmap.org\/copyright"",""osm_type"":""node"",""osm_id"":""3943306175"",""boundingbox"":[""32.8396537"",""32.8397537"",""-117.275341"",""-117.275241""],""lat"":""32.8397037"",""lon"":""-117.275291"",""display_name"":""Charlie's Salon Barber Beauty, 737, Pearl Street, La Jolla, San Diego, San Diego County, California, 92037, United States of America"",""class"":""place"",""type"":""house"",""importance"":0.621,""address"":{""house"":""Charlie's Salon Barber Beauty"",""house_number"":""737"",""road"":""Pearl Street"",""suburb"":""La Jolla"",""city"":""San Diego"",""county"":""San Diego County"",""state"":""California"",""postcode"":""92037"",""country"":""United States of America"",""country_code"":""us""}}]",-117.275291,32.8397037,POINT(-13055025.6768 3874046.58772),<a href='https://www.yelp.com/biz/don-carlos-taco-shop-la-jolla'>https://www.yelp.com/biz/don-carlos-taco-shop-la-jolla</a>,4,4.5,,7.75,5,,,18,22.5,0.73,3.5,4.2,3.3,3.7,4,4,2.9,3,5,3.7,,Scott ,,,,X,X,,X,X,X,,,,,,,,,,,,,,,,,,,,,,,,,,,,,,,
Donato's taco shop,California ,2,2016-01-18,Miramar,6780 Miramar Rd,"[{""place_id"":""166773183"",""licence"":""Data © OpenStreetMap contributors, ODbL 1.0. http:\/\/www.openstreetmap.org\/copyright"",""osm_type"":""way"",""osm_id"":""436428517"",""boundingbox"":[""32.893698"",""32.8937565"",""-117.1234455"",""-117.1188758""],""lat"":""32.8937565"",""lon"":""-117.1199398"",""display_name"":""Miramar Road, Mira Mesa, San Diego, San Diego County, California, SCRIPPS RANCH BLVD., United States of America"",""class"":""highway"",""type"":""primary"",""importance"":0.335,""address"":{""road"":""Miramar Road"",""suburb"":""Mira Mesa"",""city"":""San Diego"",""county"":""San Diego County"",""state"":""California"",""postcode"":""SCRIPPS RANCH BLVD."",""country"":""United States of America"",""country_code"":""us""}}]",-117.1199398,32.8937565,POINT(-13037732.0603 3881210.39167),<a href='http://donatostacoshop.net/'>http://donatostacoshop.net/</a>,3.5,4.2,,6.49,3,,,,,,3,5,3,3.5,4,4,4,4,4,3.8,,Scott,good fries: 4/5,,,x,x,x,x,x,,,,,,,,,,,,,,,,,,,,,,,,,,,,,,,,
El Cuervo,California ,2,2016-09-22,Hillcrest,110 Washington St,"[{""place_id"":""166786115"",""licence"":""Data © OpenStreetMap contributors, ODbL 1.0. http:\/\/www.openstreetmap.org\/copyright"",""osm_type"":""way"",""osm_id"":""436405940"",""boundingbox"":[""32.7499702"",""32.7499923"",""-117.1616026"",""-117.1610281""],""lat"":""32.7499923"",""lon"":""-117.1610281"",""display_name"":""Washington Street, Uptown, San Diego, San Diego County, California, 92103, United States of America"",""class"":""highway"",""type"":""primary"",""importance"":0.335,""address"":{""road"":""Washington Street"",""suburb"":""Uptown"",""city"":""San Diego"",""county"":""San Diego County"",""state"":""California"",""postcode"":""92103"",""country"":""United States of America"",""country_code"":""us""}}]",-117.1610281,32.7499923,POINT(-13042305.9889 3862166.44574),<a href='https://www.yelp.com/biz/el-cuervo-taco-shop-san-diego'>https://www.yelp.com/biz/el-cuervo-taco-shop-san-diego</a>,4,4.3,,6.95,3.5,,,20,21.5,0.74,3.5,3.5,3,4,3,3,4.5,3.5,2,3.6,Yes,Scott,Alfajores dessert and horchata are super good,,,X,X,X,X,X,X,,,,,,,,,,,,,,,,,,,,,,,,,,,,,,,
El Dorado Mexican Food,California,2,2016-06-16,Temecula,29000 Old Town Front St,"[{""place_id"":""136312477"",""licence"":""Data © OpenStreetMap contributors, ODbL 1.0. http:\/\/www.openstreetmap.org\/copyright"",""osm_type"":""way"",""osm_id"":""283645282"",""boundingbox"":[""33.4954822"",""33.4964371"",""-117.1524576"",""-117.1513697""],""lat"":""33.4960848"",""lon"":""-117.1521203"",""display_name"":""Old Town Front Street, Villa Del Sol, Old Town, Temecula, Riverside County, California, 92562, United States of America"",""class"":""highway"",""type"":""secondary"",""importance"":0.645,""address"":{""road"":""Old Town Front Street"",""neighbourhood"":""Villa Del Sol"",""suburb"":""Old Town"",""city_district"":""Old Town"",""city"":""Temecula"",""county"":""Riverside County"",""state"":""California"",""postcode"":""92562"",""country"":""United States of America"",""country_code"":""us""}}]",-117.1521203,33.4960848,POINT(-13041314.3771 3961337.5701),<a href='https://www.yelp.com/biz/el-dorado-mexican-food-temecula'>https://www.yelp.com/biz/el-dorado-mexican-food-temecula</a>,4.5,4,,6.94,4,,,,,,4,4,4,4.5,3.2,3,4.5,4.5,2,4.5,Yes,Scott,Salsa verde has an interesting hint of garlic,,,X,,X,X,X,X,,,,,,,,,,,,,,,,,,,,,,,,,,,,,,,
El Indio,California,1,2016-03-17,San Diego,3695 India St,"[{""place_id"":""113136279"",""licence"":""Data © OpenStreetMap contributors, ODbL 1.0. http:\/\/www.openstreetmap.org\/copyright"",""osm_type"":""way"",""osm_id"":""178116751"",""boundingbox"":[""32.739841"",""32.740688"",""-117.178963"",""-117.178238""],""lat"":""32.740284"",""lon"":""-117.178619"",""display_name"":""India Street, Uptown, San Diego, San Diego County, California, 92103, United States of America"",""class"":""highway"",""type"":""primary"",""importance"":0.535,""address"":{""road"":""India Street"",""suburb"":""Uptown"",""city"":""San Diego"",""county"":""San Diego County"",""state"":""California"",""postcode"":""92103"",""country"":""United States of America"",""country_code"":""us""}}]",-117.178619,32.740284,POINT(-13044264.1989 3860881.53028),<a href='http://elindiosandiego.com/'>http://elindiosandiego.com/</a>,3.5,3.9,,7.84,4,,,,,,4,4,3.5,4,4.5,4,3.5,3.5,4.5,4,,Scott,,,,x,,x,x,x,,,,,,,,,,,,,,,,,,,,,,,,,,,,,,,,
El Nopalito ,Especial ,2,2016-06-01,Encinitas,582 Santa Fe Dr,"[{""place_id"":""112385553"",""licence"":""Data © OpenStreetMap contributors, ODbL 1.0. http:\/\/www.openstreetmap.org\/copyright"",""osm_type"":""way"",""osm_id"":""175955557"",""boundingbox"":[""33.0362151"",""33.036217"",""-117.2848824"",""-117.284309""],""lat"":""33.0362164"",""lon"":""-117.2844895"",""display_name"":""Santa Fe Drive, Encinitas, San Diego County, California, 92007, United States of America"",""class"":""highway"",""type"":""primary"",""importance"":0.545,""address"":{""road"":""Santa Fe Drive"",""city"":""Encinitas"",""county"":""San Diego County"",""state"":""California"",""postcode"":""92007"",""country"":""United States of America"",""country_code"":""us""}}]",-117.2844895,33.0362164,POINT(-13056049.6491 3900112.07198),<a href='https://www.yelp.com/biz/el-nopalito-encinitas'>https://www.yelp.com/biz/el-nopalito-encinitas</a>,4,4,x,4.87,2,,,19,23.5,0.83,3,4,1.5,2,3,5,3,2.5,5,2.6,No,Scott,"It's pretty good for what it is, but just not the best ingredients for a burrito. also Few white people",,,X,,X,X,,,,,,,X,X,X,X,,,,,,,,,,,,,,,,,,,,,,,
El Pollo Loco,Chicken avocado,1,2016-11-27,Oceanside,3500 College Blvd,"[{""place_id"":""5277829"",""licence"":""Data © OpenStreetMap contributors, ODbL 1.0. http:\/\/www.openstreetmap.org\/copyright"",""osm_type"":""node"",""osm_id"":""595976915"",""boundingbox"":[""33.181674"",""33.181774"",""-117.296042"",""-117.295942""],""lat"":""33.181724"",""lon"":""-117.295992"",""display_name"":""3500, College Boulevard, Oceanside, San Diego County, California, 92056, United States of America"",""class"":""place"",""type"":""house"",""importance"":0.431,""address"":{""house_number"":""3500"",""road"":""College Boulevard"",""city"":""Oceanside"",""county"":""San Diego County"",""state"":""California"",""postcode"":""92056"",""country"":""United States of America"",""country_code"":""us""}}]",-117.295992,33.181724,POINT(-13057330.1015 3919449.7007),<a href='https://www.yelp.com/biz/el-pollo-loco-oceanside-5'>https://www.yelp.com/biz/el-pollo-loco-oceanside-5</a>,3.5,4.1,,5.99,3.5,,,17.5,21,0.61,2,3,3.8,2.5,2.5,3,2.5,3,2.6,3.2,No,Scott,,,,,,x,,,,,x,,,,,,,,,x,,,x,,,,,,,,,,,,,,,,,
El Portal Fresh Mexican Grill,Mahi,2,2016-11-06,Clairemont,4101 Genesee Ave,"[{""place_id"":""163994773"",""licence"":""Data © OpenStreetMap contributors, ODbL 1.0. http:\/\/www.openstreetmap.org\/copyright"",""osm_type"":""way"",""osm_id"":""436311981"",""boundingbox"":[""32.8770516"",""32.8775841"",""-117.2139438"",""-117.2139267""],""lat"":""32.877315"",""lon"":""-117.2139267"",""display_name"":""Genesee Avenue, University City, San Diego, San Diego County, California, 92037, United States of America"",""class"":""highway"",""type"":""secondary"",""importance"":0.335,""address"":{""road"":""Genesee Avenue"",""suburb"":""University City"",""city"":""San Diego"",""county"":""San Diego County"",""state"":""California"",""postcode"":""92037"",""country"":""United States of America"",""country_code"":""us""}}]",-117.2139267,32.877315,POINT(-13048194.6341 3879030.88081),<a href='https://www.yelp.com/biz/el-portal-fresh-mexican-grill-san-diego'>https://www.yelp.com/biz/el-portal-fresh-mexican-grill-san-diego</a>,4,4.4,X,7.35,2.3,,,19.5,23.5,0.86,4,4,3.5,2,1.5,2,2,3,1.2,3.1,No,Scott,,,,,,X,,,,,,,X,,,,X,,,X,,,,,,,,,,,,,,,,,,,,
El Pueblo Mexican Food,California,1,2016-08-10,Cardiff ,820 Birmingham Dr,"[{""place_id"":""5934736"",""licence"":""Data © OpenStreetMap contributors, ODbL 1.0. http:\/\/www.openstreetmap.org\/copyright"",""osm_type"":""node"",""osm_id"":""596856967"",""boundingbox"":[""33.026945"",""33.027045"",""-117.273348"",""-117.273248""],""lat"":""33.026995"",""lon"":""-117.273298"",""display_name"":""820, Birmingham Drive, Encinitas, San Diego County, California, 92007, United States of America"",""class"":""place"",""type"":""house"",""importance"":0.421,""address"":{""house_number"":""820"",""road"":""Birmingham Drive"",""city"":""Encinitas"",""county"":""San Diego County"",""state"":""California"",""postcode"":""92007"",""country"":""United States of America"",""country_code"":""us""}}]",-117.273298,33.026995,POINT(-13054803.817 3898887.64655),<a href='https://www.yelp.com/biz/el-pueblo-authentic-mexican-food-cardiff-by-the-sea'>https://www.yelp.com/biz/el-pueblo-authentic-mexican-food-cardiff-by-the-sea</a>,4,4.7,,4.99,4,,,19,21,0.67,4.5,4.5,3.5,4,4.5,5,2.5,4.5,5,4.3,Yes,Scott,,,,x,x,,x,x,,,,,,,,,,,,,,,,,,,,,,,,,,,,,,,,
El Rey Moro,California Surf,2,2016-06-09,Clairemont,4471 Clairemont Mesa Blvd,"[{""place_id"":""163667385"",""licence"":""Data © OpenStreetMap contributors, ODbL 1.0. http:\/\/www.openstreetmap.org\/copyright"",""osm_type"":""way"",""osm_id"":""436322858"",""boundingbox"":[""32.8307012"",""32.8312462"",""-117.2157687"",""-117.2156491""],""lat"":""32.8308829"",""lon"":""-117.2157296"",""display_name"":""Clairemont Mesa Boulevard, Clairemont, San Diego, San Diego County, California, 92037, United States of America"",""class"":""highway"",""type"":""secondary"",""importance"":0.455,""address"":{""road"":""Clairemont Mesa Boulevard"",""suburb"":""Clairemont"",""city"":""San Diego"",""county"":""San Diego County"",""state"":""California"",""postcode"":""92037"",""country"":""United States of America"",""country_code"":""us""}}]",-117.2157296,32.8308829,POINT(-13048395.332 3872877.95087),<a href='https://www.yelp.com/biz/el-rey-moro-taco-shop-san-diego'>https://www.yelp.com/biz/el-rey-moro-taco-shop-san-diego</a>,4,3.8,,9.19,2.8,,,20.5,23.5,0.9,3.5,4.5,4,3.5,5,4.5,3,3.5,5,4,Yes,Scott,shrimp is really good. too much chipotle sauce,,,X,,X,X,X,,,,X,,,,,,,,,X,,,,,,,,,,,,,,,,,,,
El Torrito Foods,Asada,2,2016-09-25,Vista,249 Emerald Dr,"[{""place_id"":""167162618"",""licence"":""Data © OpenStreetMap contributors, ODbL 1.0. http:\/\/www.openstreetmap.org\/copyright"",""osm_type"":""way"",""osm_id"":""436297540"",""boundingbox"":[""33.1969567"",""33.197147"",""-117.279553"",""-117.279453""],""lat"":""33.1969567"",""lon"":""-117.279503"",""display_name"":""Emerald Drive, Oceanside, San Diego County, California, 92056, United States of America"",""class"":""highway"",""type"":""secondary"",""importance"":0.335,""address"":{""road"":""Emerald Drive"",""city"":""Oceanside"",""county"":""San Diego County"",""state"":""California"",""postcode"":""92056"",""country"":""United States of America"",""country_code"":""us""}}]",-117.279503,33.1969567,POINT(-13055494.5544 3921475.94632),<a href='https://www.yelp.com/biz/el-torito-foods-vista-2'>https://www.yelp.com/biz/el-torito-foods-vista-2</a>,4,4.4,,5.49,4,,,23.5,19,0.68,3,5,3,3,2.5,4,3.5,3,5,3.1,Yes,Scott,Good because so cheap,,,X,,,,,,,,,,X,X,,,,,,,,X,X,,,,,,,,,,,,,,,,
El Zarape,California,6,2016-03-14,University Heights,4642 Park Blvd,"[{""place_id"":""21665068"",""licence"":""Data © OpenStreetMap contributors, ODbL 1.0. http:\/\/www.openstreetmap.org\/copyright"",""osm_type"":""node"",""osm_id"":""2094268438"",""boundingbox"":[""32.7617403"",""32.7618403"",""-117.1464764"",""-117.1463764""],""lat"":""32.7617903"",""lon"":""-117.1464264"",""display_name"":""El Zarape, 4642, Park Boulevard, Mission Valley, San Diego, San Diego County, California, 92103, United States of America"",""class"":""amenity"",""type"":""restaurant"",""importance"":0.321,""icon"":""http:\/\/nominatim.openstreetmap.org\/images\/mapicons\/food_restaurant.p.20.png"",""address"":{""restaurant"":""El Zarape"",""house_number"":""4642"",""road"":""Park Boulevard"",""suburb"":""Mission Valley"",""city"":""San Diego"",""county"":""San Diego County"",""state"":""California"",""postcode"":""92103"",""country"":""United States of America"",""country_code"":""us""}}]",-117.1464264,32.7617903,POINT(-13040680.5351 3863728.12625),<a href='https://www.yelp.com/biz/el-zarape-san-diego'>https://www.yelp.com/biz/el-zarape-san-diego</a>,4,4.4,x,6.25,0.5,,,,,,3,5,4,2.75,4,1.6,3.5,3.4,5,3.33333,,Kelsey,,,,x,x,x,x,x,,,,,,,,,,,,,,,,,,,,,,,,,,,,,,,,
Famoso Mexican Street Food,Cali Diablo,1,2016-11-14,Downtown,815 C St,"[{""place_id"":""156612164"",""licence"":""Data © OpenStreetMap contributors, ODbL 1.0. http:\/\/www.openstreetmap.org\/copyright"",""osm_type"":""way"",""osm_id"":""388826793"",""boundingbox"":[""45.5075065"",""45.5086714"",""-122.6738272"",""-122.6720207""],""lat"":""45.5080513"",""lon"":""-122.673013953471"",""display_name"":""The Strand, Portland Downtown, Portland, Multnomah County, Oregon, 97202, United States of America"",""class"":""landuse"",""type"":""residential"",""importance"":0.35,""address"":{""residential"":""The Strand"",""suburb"":""Portland Downtown"",""city"":""Portland"",""county"":""Multnomah County"",""state"":""Oregon"",""postcode"":""97202"",""country"":""United States of America"",""country_code"":""us""}}]",-122.673013953471,45.5080513,POINT(-13655897.4474 5701861.54373),<a href='https://www.yelp.com/biz/famoso-mexican-street-food-san-diego-20'>https://www.yelp.com/biz/famoso-mexican-street-food-san-diego-20</a>,4.5,3.9,,10.5,3,,,20,27,1.16,2,2.5,3.3,3.5,1.5,4,2.5,2.5,3,3.1,No,Scott,Big roach on the floor while eating. Good prep took quite a long time. Cut in half!,,,X,X,X,X,X,X,,,X,,,,,,,,,X,,,,,,,,,,,,,,,,,,,
Filiberto's,Adobada,2,2017-05-02,Encinitas,476 S Coast Hwy 101,"[{""place_id"":""161076168"",""licence"":""Data © OpenStreetMap contributors, ODbL 1.0. http:\/\/www.openstreetmap.org\/copyright"",""osm_type"":""way"",""osm_id"":""408662158"",""boundingbox"":[""33.0462621"",""33.0463661"",""-117.2943334"",""-117.2940532""],""lat"":""33.0463091"",""lon"":""-117.294205297704"",""display_name"":""Filiberto's, 476, South Coast Highway 101, Encinitas, San Diego County, California, 92024, United States of America"",""class"":""amenity"",""type"":""restaurant"",""importance"":0.631,""icon"":""http:\/\/nominatim.openstreetmap.org\/images\/mapicons\/food_restaurant.p.20.png"",""address"":{""restaurant"":""Filiberto's"",""house_number"":""476"",""road"":""South Coast Highway 101"",""city"":""Encinitas"",""county"":""San Diego County"",""state"":""California"",""postcode"":""92024"",""country"":""United States of America"",""country_code"":""us""}}]",-117.294205297704,33.0463091,POINT(-13057131.2067 3901452.33627),<a href='https://www.yelp.com/biz/filibertos-encinitas-2'>https://www.yelp.com/biz/filibertos-encinitas-2</a>,3,3.8,,6.25,4.4,,,,,,4.2,4.5,4,3,5,3.8,2.5,3,5,3.7,,Scott,,,,,x,x,,,,x,,,,,,,,,,,,,,,,,,,,,,,,,,,,,,
Gloria's Taco Shop,California ,2,2016-12-02,South Park,1233 28th St,"[{""place_id"":""130428261"",""licence"":""Data © OpenStreetMap contributors, ODbL 1.0. http:\/\/www.openstreetmap.org\/copyright"",""osm_type"":""way"",""osm_id"":""260211404"",""boundingbox"":[""32.7138789"",""32.7179342"",""-117.1338341"",""-117.1337671""],""lat"":""32.715839"",""lon"":""-117.133774"",""display_name"":""28th Street, North Park, San Diego, San Diego County, California, 92102, United States of America"",""class"":""highway"",""type"":""tertiary"",""importance"":0.435,""address"":{""road"":""28th Street"",""suburb"":""North Park"",""city"":""San Diego"",""county"":""San Diego County"",""state"":""California"",""postcode"":""92102"",""country"":""United States of America"",""country_code"":""us""}}]",-117.133774,32.715839,POINT(-13039272.0764 3857646.79906),<a href='https://www.yelp.com/biz/glorias-taco-shop-san-diego'>https://www.yelp.com/biz/glorias-taco-shop-san-diego</a>,4,4.3,,5.65,3,,,19.5,22,0.75,4,1.5,2,3,4.2,4,3,2,4.5,2.7,No,Scott,Horchata tasted like bubble gum,,,,,,,,,,,,,,,,,,,,,,,,,,,,,,,,,,,,,,,
Goody's,Custom,4,2016-05-20,La Jolla,Marshall College,[],,,,<a href='https://www.yelp.com/biz/goodys-place-and-market-la-jolla'>https://www.yelp.com/biz/goodys-place-and-market-la-jolla</a>,3.5,4.1,,7.25,3.5,,,18.5,22.5,0.75,1.5,1,2,2,2,2,2,2,1,1.8,No,Scott,Grocery store tortilla; cold guac,,,x,x,x,x,,,,,,,x,x,,,,,,,x,,,,,,,,,,,,,,,,,,
Goody's,Custom,4,2011-05-16,La Jolla,,"[{""place_id"":""59908031"",""licence"":""Data © OpenStreetMap contributors, ODbL 1.0. http:\/\/www.openstreetmap.org\/copyright"",""osm_type"":""node"",""osm_id"":""4840618776"",""boundingbox"":[""32.8135005"",""32.8535005"",""-117.2816203"",""-117.2416203""],""lat"":""32.8335005"",""lon"":""-117.2616203"",""display_name"":""La Jolla, San Diego, San Diego County, California, 92037, United States of America"",""class"":""place"",""type"":""suburb"",""importance"":0.3725,""icon"":""http:\/\/nominatim.openstreetmap.org\/images\/mapicons\/poi_place_village.p.20.png"",""address"":{""suburb"":""La Jolla"",""city"":""San Diego"",""county"":""San Diego County"",""state"":""California"",""postcode"":""92037"",""country"":""United States of America"",""country_code"":""us""}}]",-117.2616203,32.8335005,POINT(-13053503.8614 3873224.7354),,,,,8,4,,,,,,3,,2,3,2,3,2,3,2,2,No,Albert N,"The price has gone up for the past two years. I would probably rate this lower because of it, but my scores were on raw taste only.",x,,x,x,x,,,x,,,,,,,x,,,,,,,,,,,,,,,,,,,,,,,,
Goody's,Custom,4,2016-05-20,La Jolla,,"[{""place_id"":""59908031"",""licence"":""Data © OpenStreetMap contributors, ODbL 1.0. http:\/\/www.openstreetmap.org\/copyright"",""osm_type"":""node"",""osm_id"":""4840618776"",""boundingbox"":[""32.8135005"",""32.8535005"",""-117.2816203"",""-117.2416203""],""lat"":""32.8335005"",""lon"":""-117.2616203"",""display_name"":""La Jolla, San Diego, San Diego County, California, 92037, United States of America"",""class"":""place"",""type"":""suburb"",""importance"":0.3725,""icon"":""http:\/\/nominatim.openstreetmap.org\/images\/mapicons\/poi_place_village.p.20.png"",""address"":{""suburb"":""La Jolla"",""city"":""San Diego"",""county"":""San Diego County"",""state"":""California"",""postcode"":""92037"",""country"":""United States of America"",""country_code"":""us""}}]",-117.2616203,32.8335005,POINT(-13053503.8614 3873224.7354),,,,,8,3,,,,,,3,,1,2,2,2,2,2,1,2,No,Brittany T,It's gone downhill since 2013. Expensive and only ate it because there's nothing else around. closes early. skimping on the portions.,x,,,,,x,,x,,x,,,,x,x,,,,,,x,,,,,,,,,,,,,,,,,,
Graciela's Taco Shop,Adobada ,2,2016-02-14,Bonita,5047 Central Ave,"[{""place_id"":""166916345"",""licence"":""Data © OpenStreetMap contributors, ODbL 1.0. http:\/\/www.openstreetmap.org\/copyright"",""osm_type"":""way"",""osm_id"":""436435112"",""boundingbox"":[""32.6685295"",""32.668716"",""-117.0235496"",""-117.022919""],""lat"":""32.6685295"",""lon"":""-117.0235496"",""display_name"":""Central Avenue, Chula Vista, San Diego County, California, 91902, United States of America"",""class"":""highway"",""type"":""secondary"",""importance"":0.335,""address"":{""road"":""Central Avenue"",""city"":""Chula Vista"",""county"":""San Diego County"",""state"":""California"",""postcode"":""91902"",""country"":""United States of America"",""country_code"":""us""}}]",-117.0235496,32.6685295,POINT(-13027001.9523 3851388.99617),<a href='https://www.yelp.com/biz/gracielas-taco-shop-bonita-2'>https://www.yelp.com/biz/gracielas-taco-shop-bonita-2</a>,4,4.5,,5.99,3,,,,,,4,4,3,3.5,4,4.5,4,4,4.5,4,,Scott,Salsa verde spicy,,,,,,,,,x,,,,,x,,,,,,,x,x,x,,,,,,,,,,,,,,,,
Jorge's Mexicatessen,California ,2,2016-04-24,Encinitas ,267 N El Camino Real,"[{""place_id"":""164844856"",""licence"":""Data © OpenStreetMap contributors, ODbL 1.0. http:\/\/www.openstreetmap.org\/copyright"",""osm_type"":""way"",""osm_id"":""436279515"",""boundingbox"":[""33.0658339"",""33.0676699"",""-117.2623777"",""-117.2623203""],""lat"":""33.0674162"",""lon"":""-117.2623249"",""display_name"":""North El Camino Real, Encinitas, San Diego County, California, 92024, United States of America"",""class"":""highway"",""type"":""primary"",""importance"":0.645,""address"":{""road"":""North El Camino Real"",""city"":""Encinitas"",""county"":""San Diego County"",""state"":""California"",""postcode"":""92024"",""country"":""United States of America"",""country_code"":""us""}}]",-117.2623249,33.0674162,POINT(-13053582.2971 3904255.75899),<a href='https://www.yelp.com/biz/jorges-mexicatessen-encinitas'>https://www.yelp.com/biz/jorges-mexicatessen-encinitas</a>,4,4.5,,5.95,3.5,,,20,22,0.77,2.5,2.5,3.5,4,3,4.5,4,4.5,4.5,3.8,Yes,Scott,"Cheese should be melted, potatoes are very good",,,X,,,X,X,X,,,,,,,,,,,,,,,,,,,,,,,,,,,,,,,
Jose's Taco,California,1,2016-10-05,Oceanside,3910 Vista Way,"[{""place_id"":""5829425"",""licence"":""Data © OpenStreetMap contributors, ODbL 1.0. http:\/\/www.openstreetmap.org\/copyright"",""osm_type"":""node"",""osm_id"":""596999217"",""boundingbox"":[""33.184459"",""33.184559"",""-117.293761"",""-117.293661""],""lat"":""33.184509"",""lon"":""-117.293711"",""display_name"":""3910, Vista Way, Oceanside, San Diego County, California, 92056, United States of America"",""class"":""place"",""type"":""house"",""importance"":0.531,""address"":{""house_number"":""3910"",""road"":""Vista Way"",""city"":""Oceanside"",""county"":""San Diego County"",""state"":""California"",""postcode"":""92056"",""country"":""United States of America"",""country_code"":""us""}}]",-117.293711,33.184509,POINT(-13057076.1818 3919820.13359),<a href='https://www.yelp.com/biz/joses-taco-oceanside'>https://www.yelp.com/biz/joses-taco-oceanside</a>,4,3.8,,6.1,4,,,22,22,0.85,3.5,3.5,2,3.5,4.5,3.5,3,3.5,4,3.3,No,Scott ,,,,X,,X,X,X,,,,,,,,,,,,,,,,,,,,,,,,,,,,,,,,
Juanita's Taco Shop,California ,2,2016-05-18,Encinitas ,290 N Coast Hwy 101,"[{""place_id"":""5331019"",""licence"":""Data © OpenStreetMap contributors, ODbL 1.0. http:\/\/www.openstreetmap.org\/copyright"",""osm_type"":""node"",""osm_id"":""596227731"",""boundingbox"":[""33.05412"",""33.05422"",""-117.297069"",""-117.296969""],""lat"":""33.05417"",""lon"":""-117.297019"",""display_name"":""290, North Coast Highway 101, Encinitas, San Diego County, California, 92024, United States of America"",""class"":""place"",""type"":""house"",""importance"":0.631,""address"":{""house_number"":""290"",""road"":""North Coast Highway 101"",""city"":""Encinitas"",""county"":""San Diego County"",""state"":""California"",""postcode"":""92024"",""country"":""United States of America"",""country_code"":""us""}}]",-117.297019,33.05417,POINT(-13057444.4266 3902496.33416),<a href='https://www.yelp.com/biz/juanitas-taco-shop-encinitas'>https://www.yelp.com/biz/juanitas-taco-shop-encinitas</a>,4,4.5,,5.55,3.5,,,17.5,23,0.74,4,4.5,3,3,5,3,4,3,5,3.5,Yes,Scott,,,,X,,,X,X,X,,,,,,,,,,,,,,,,,,,,,,,,,,,,,,,
JV's Mexican Food,Carne Asada,2,2016-02-06,Morena,1112 Morena Blvd,"[{""place_id"":""59033587"",""licence"":""Data © OpenStreetMap contributors, ODbL 1.0. http:\/\/www.openstreetmap.org\/copyright"",""osm_type"":""node"",""osm_id"":""4617770589"",""boundingbox"":[""32.7670173"",""32.7671173"",""-117.1998109"",""-117.1997109""],""lat"":""32.7670673"",""lon"":""-117.1997609"",""display_name"":""JV's Mexican Food, 1112, Morena Boulevard, Old Town, San Diego, San Diego County, California, 92110, United States of America"",""class"":""amenity"",""type"":""restaurant"",""importance"":0.421,""icon"":""http:\/\/nominatim.openstreetmap.org\/images\/mapicons\/food_restaurant.p.20.png"",""address"":{""restaurant"":""JV's Mexican Food"",""house_number"":""1112"",""road"":""Morena Boulevard"",""suburb"":""Old Town"",""city"":""San Diego"",""county"":""San Diego County"",""state"":""California"",""postcode"":""92110"",""country"":""United States of America"",""country_code"":""us""}}]",-117.1997609,32.7670673,POINT(-13046617.7045 3864426.70043),<a href='http://jvsmexfood.com/'>http://jvsmexfood.com/</a>,4,4.1,,6.25,3.5,,,,,,2.5,1.5,1.5,3,4.5,3,1.5,2,4.5,2,,Scott,,,,x,x,x,,,,,,,,,,,,,,,,,,,,,,,,,,,,,,,,,,
Karina's Taco Shop ,Bomb,2,2016-05-15,Encinitas ,916 N Coast Hwy 101,"[{""place_id"":""6169429"",""licence"":""Data © OpenStreetMap contributors, ODbL 1.0. http:\/\/www.openstreetmap.org\/copyright"",""osm_type"":""node"",""osm_id"":""597162667"",""boundingbox"":[""33.064753"",""33.064853"",""-117.302754"",""-117.302654""],""lat"":""33.064803"",""lon"":""-117.302704"",""display_name"":""916, North Coast Highway 101, Encinitas, San Diego County, California, 92024, United States of America"",""class"":""place"",""type"":""house"",""importance"":0.631,""address"":{""house_number"":""916"",""road"":""North Coast Highway 101"",""city"":""Encinitas"",""county"":""San Diego County"",""state"":""California"",""postcode"":""92024"",""country"":""United States of America"",""country_code"":""us""}}]",-117.302704,33.064803,POINT(-13058077.278 3903908.64006),<a href='https://www.yelp.com/biz/karinas-taco-shop-encinitas'>https://www.yelp.com/biz/karinas-taco-shop-encinitas</a>,4,4.2,,7.99,3,,,25.5,23,1.07,4,4,4,3.5,2.5,3.5,4,3.5,2.5,3.7,Yes,Scott,,,,X,,X,X,X,X,,,,,,,,,,,,,,,,X,,,,,,,,,,,,,,,
King Burrito,Adobada,2,2016-08-16,Oceanside,3490 Marron Rd,"[{""place_id"":""5936164"",""licence"":""Data © OpenStreetMap contributors, ODbL 1.0. http:\/\/www.openstreetmap.org\/copyright"",""osm_type"":""node"",""osm_id"":""596984732"",""boundingbox"":[""33.178783"",""33.178883"",""-117.294914"",""-117.294814""],""lat"":""33.178833"",""lon"":""-117.294864"",""display_name"":""3490, Marron Road, Oceanside, San Diego County, California, 92010, United States of America"",""class"":""place"",""type"":""house"",""importance"":0.431,""address"":{""house_number"":""3490"",""road"":""Marron Road"",""city"":""Oceanside"",""county"":""San Diego County"",""state"":""California"",""postcode"":""92010"",""country"":""United States of America"",""country_code"":""us""}}]",-117.294864,33.178833,POINT(-13057204.5331 3919065.1812),<a href='https://www.yelp.com/biz/king-burrito-oceanside-2'>https://www.yelp.com/biz/king-burrito-oceanside-2</a>,4,3.9,,4.99,3.5,,,23,19,0.66,3,3,3,3,2.5,2,2.5,3,4,2.8,No,Emily,Too much tortilla per bite,,,,X,X,,,,X,,,,,,,,,,,,,,,,,,,,,,,,,,,,,,
Kotija Jr,California,3,2017-08-19,Del Mar,2668 Del Mar Heights Rd,"[{""place_id"":""167166450"",""licence"":""Data © OpenStreetMap contributors, ODbL 1.0. http:\/\/www.openstreetmap.org\/copyright"",""osm_type"":""way"",""osm_id"":""436308940"",""boundingbox"":[""32.9482332"",""32.9483274"",""-117.2604708"",""-117.2601224""],""lat"":""32.9482332"",""lon"":""-117.2604708"",""display_name"":""Del Mar Heights Road, Del Mar, San Diego County, California, 92014, United States of America"",""class"":""highway"",""type"":""primary"",""importance"":0.635,""address"":{""road"":""Del Mar Heights Road"",""city"":""Del Mar"",""county"":""San Diego County"",""state"":""California"",""postcode"":""92014"",""country"":""United States of America"",""country_code"":""us""}}]",-117.2604708,32.9482332,POINT(-13053375.8996 3888434.80059),<a href='https://www.yelp.com/biz/kotija-jr-taco-shop-del-mar'>https://www.yelp.com/biz/kotija-jr-taco-shop-del-mar</a>,4,4.2,,6.99,4,550,0.785714286,20,21,0.7,4,5,3.5,3.8,3,2.5,3.3,4,5,3.7,,Scott,,,,,,,,,,,,,,,,,,,,,,,,,,,,,,,,,,,,,,,,
La Morena Taco Shop and Seafood,California,1,2016-09-22,Webster,5059 Federal Blvd,"[{""place_id"":""164027534"",""licence"":""Data © OpenStreetMap contributors, ODbL 1.0. http:\/\/www.openstreetmap.org\/copyright"",""osm_type"":""way"",""osm_id"":""436570265"",""boundingbox"":[""32.7272097"",""32.7272419"",""-117.0682713"",""-117.0681417""],""lat"":""32.7272097"",""lon"":""-117.0682713"",""display_name"":""Federal Boulevard, Encanto, San Diego, San Diego County, California, 92114, United States of America"",""class"":""highway"",""type"":""secondary"",""importance"":0.235,""address"":{""road"":""Federal Boulevard"",""suburb"":""Encanto"",""city"":""San Diego"",""county"":""San Diego County"",""state"":""California"",""postcode"":""92114"",""country"":""United States of America"",""country_code"":""us""}}]",-117.0682713,32.7272097,POINT(-13031980.3492 3859151.33828),<a href='https://www.yelp.com/biz/la-morena-taco-shop-san-diego'>https://www.yelp.com/biz/la-morena-taco-shop-san-diego</a>,4.5,4.7,,6.35,4,,,,,,4,2.5,4,3,4.5,2,2,3,4,3,No,Erin,"Good tortilla, good amount of food, needed guac. or salsa to balance out density of fillings.",,,x,x,,,x,x,,,,,,,,,,,,,,,,,,,,,,,,,,,,,,,
La Perla Cocina,Addiction,3,2016-03-30,Pacific Beach,745 Emerald St,"[{""place_id"":""5892061"",""licence"":""Data © OpenStreetMap contributors, ODbL 1.0. http:\/\/www.openstreetmap.org\/copyright"",""osm_type"":""node"",""osm_id"":""597025258"",""boundingbox"":[""32.798046"",""32.798146"",""-117.256387"",""-117.256287""],""lat"":""32.798096"",""lon"":""-117.256337"",""display_name"":""745, Emerald Street, Pacific Beach, San Diego, San Diego County, California, 92109, United States of America"",""class"":""place"",""type"":""house"",""importance"":0.621,""address"":{""house_number"":""745"",""road"":""Emerald Street"",""suburb"":""Pacific Beach"",""city"":""San Diego"",""county"":""San Diego County"",""state"":""California"",""postcode"":""92109"",""country"":""United States of America"",""country_code"":""us""}}]",-117.256337,32.798096,POINT(-13052915.7271 3868535.1467),<a href='https://www.yelp.com/biz/la-perla-cocina-mexicana-san-diego'>https://www.yelp.com/biz/la-perla-cocina-mexicana-san-diego</a>,4.5,4.7,,7.99,3.5,,,,,,4,4,2,3,1.5,3,2.5,1,3,2.5,,Scott,Bland,,,x,x,x,,,,,,,,,x,,,,,,,,,,,,,,,,,,x,,,,,,,
Lola's 7 Up Market & Deli,Shredded beef,2,2016-02-29,Carlsbad,3292 Roosevelt St,"[{""place_id"":""124469150"",""licence"":""Data © OpenStreetMap contributors, ODbL 1.0. http:\/\/www.openstreetmap.org\/copyright"",""osm_type"":""way"",""osm_id"":""225875491"",""boundingbox"":[""33.154263"",""33.1601937"",""-117.3476998"",""-117.342827""],""lat"":""33.15691"",""lon"":""-117.345001"",""display_name"":""Roosevelt Street, Carlsbad, San Diego County, California, 92009, United States of America"",""class"":""highway"",""type"":""residential"",""importance"":0.445,""address"":{""road"":""Roosevelt Street"",""city"":""Carlsbad"",""county"":""San Diego County"",""state"":""California"",""postcode"":""92009"",""country"":""United States of America"",""country_code"":""us""}}]",-117.345001,33.15691,POINT(-13062785.7585 3916149.7098),<a href='https://www.yelp.com/biz/lolas-7-up-market-and-deli-carlsbad'>https://www.yelp.com/biz/lolas-7-up-market-and-deli-carlsbad</a>,4.5,4.9,,6,3.5,,,,,,2.5,2.5,3,4,4,4,3,3.5,1.5,3.8,,Emily,Food cooks fast but checking out is painfully slow,,,x,x,,x,,,,,,,,x,,,,,,,,,,,,,,,,,,,,,,,,,
Lolita's taco shop,2 in 1,7,2016-02-24,Kearny Mesa,7305 Clairemont Mesa Blvd,"[{""place_id"":""163626679"",""licence"":""Data © OpenStreetMap contributors, ODbL 1.0. http:\/\/www.openstreetmap.org\/copyright"",""osm_type"":""way"",""osm_id"":""436324573"",""boundingbox"":[""32.8328648"",""32.8328739"",""-117.14593"",""-117.1452218""],""lat"":""32.832866"",""lon"":""-117.1458038"",""display_name"":""Clairemont Mesa Boulevard, Clairemont, San Diego, San Diego County, California, 92111-2201, United States of America"",""class"":""highway"",""type"":""secondary"",""importance"":0.445,""address"":{""road"":""Clairemont Mesa Boulevard"",""suburb"":""Clairemont"",""city"":""San Diego"",""county"":""San Diego County"",""state"":""California"",""postcode"":""92111-2201"",""country"":""United States of America"",""country_code"":""us""}}]",-117.1458038,32.832866,POINT(-13040611.2276 3873140.67472),<a href='http://lolitasmexicanfood.com/'>http://lolitasmexicanfood.com/</a>,4,4.4,,8.75,3.5,,,,,,1.5,2,3,3.5,4,1,3.5,4.5,4,4,,Scott,Rolled tacos need more meat,,,x,,x,x,,,,,,,,,,,,,,,,,,x,,,,,,,,,,,,,,,
Los Cabos,California,2,2016-08-27,San Marcos,165 S Rancho Santa Fe Rd,"[{""place_id"":""163803215"",""licence"":""Data © OpenStreetMap contributors, ODbL 1.0. http:\/\/www.openstreetmap.org\/copyright"",""osm_type"":""way"",""osm_id"":""436259363"",""boundingbox"":[""33.1494301"",""33.1496631"",""-117.1987083"",""-117.1985266""],""lat"":""33.1495621"",""lon"":""-117.1986269"",""display_name"":""South Rancho Santa Fe Road, Villa Vista Estates Mobil Home Park, San Marcos, San Diego County, California, 92078, United States of America"",""class"":""highway"",""type"":""primary"",""importance"":0.735,""address"":{""road"":""South Rancho Santa Fe Road"",""neighbourhood"":""Villa Vista Estates Mobil Home Park"",""city"":""San Marcos"",""county"":""San Diego County"",""state"":""California"",""postcode"":""92078"",""country"":""United States of America"",""country_code"":""us""}}]",-117.1986269,33.1495621,POINT(-13046491.4682 3915172.69858),<a href='https://www.yelp.com/biz/los-cabos-san-marcos'>https://www.yelp.com/biz/los-cabos-san-marcos</a>,4,4.1,x,5.99,4,,,18.5,21,0.65,4,4.5,2.5,2.5,2.5,1.5,3,4,5,3,No,Scott,Repeatedly get large bites of sour cream,,,X,,,X,X,X,,,,,,,,,,,,,,,,,,,,,,,,,,,,,,,
Los palmitos,California,1,2017-04-23,Clairemont,5145 Clairemont Mesa Blvd,"[{""place_id"":""46144747"",""licence"":""Data © OpenStreetMap contributors, ODbL 1.0. http:\/\/www.openstreetmap.org\/copyright"",""osm_type"":""node"",""osm_id"":""3269844757"",""boundingbox"":[""32.8340615"",""32.8341615"",""-117.17974"",""-117.17964""],""lat"":""32.8341115"",""lon"":""-117.17969"",""display_name"":""Los Palmitos Taco Shop, 5145, Clairemont Mesa Boulevard, Clairemont, San Diego, San Diego County, California, 92117, United States of America"",""class"":""amenity"",""type"":""restaurant"",""importance"":0.541,""icon"":""http:\/\/nominatim.openstreetmap.org\/images\/mapicons\/food_restaurant.p.20.png"",""address"":{""restaurant"":""Los Palmitos Taco Shop"",""house_number"":""5145"",""road"":""Clairemont Mesa Boulevard"",""suburb"":""Clairemont"",""city"":""San Diego"",""county"":""San Diego County"",""state"":""California"",""postcode"":""92117"",""country"":""United States of America"",""country_code"":""us""}}]",-117.17969,32.8341115,POINT(-13044383.4221 3873305.68329),<a href='https://www.yelp.com/biz/los-palmitos-taco-shop-san-diego'>https://www.yelp.com/biz/los-palmitos-taco-shop-san-diego</a>,4,4.1,x,7.1,4,,,22.5,23,0.95,4.5,5,3.8,3.8,4,4,3.9,4.3,5,4.3,,Scott,red-orange salsa has a slight fruity flavor that's really good,,,X,,,X,X,X,,,,,,,,,,,,,,,,,,,,,,,,,,,,,,,
Los Panchos Taco Shop,California,3,2016-11-23,Hillcrest,409 Washington St,"[{""place_id"":""21998857"",""licence"":""Data © OpenStreetMap contributors, ODbL 1.0. http:\/\/www.openstreetmap.org\/copyright"",""osm_type"":""node"",""osm_id"":""2131738441"",""boundingbox"":[""32.749634"",""32.749734"",""-117.161327"",""-117.161227""],""lat"":""32.749684"",""lon"":""-117.161277"",""display_name"":""Los Panchos Taco Shop, 409, Washington Street, Uptown, San Diego, San Diego County, California, 92103, United States of America"",""class"":""amenity"",""type"":""fast_food"",""importance"":0.421,""icon"":""http:\/\/nominatim.openstreetmap.org\/images\/mapicons\/food_fastfood.p.20.png"",""address"":{""fast_food"":""Los Panchos Taco Shop"",""house_number"":""409"",""road"":""Washington Street"",""suburb"":""Uptown"",""city"":""San Diego"",""county"":""San Diego County"",""state"":""California"",""postcode"":""92103"",""country"":""United States of America"",""country_code"":""us""}}]",-117.161277,32.749684,POINT(-13042333.6963 3862125.63939),<a href='https://www.yelp.com/biz/los-panchos-san-diego-2'>https://www.yelp.com/biz/los-panchos-san-diego-2</a>,3,3.4,x,6.25,3,,,18,21.5,0.66,3.5,5,4,3,4,3,3.5,3.5,3,3.7,Yes,Scott,,,,x,x,,x,x,x,,,,,,,,,,,,,,,,,,,,,,,,,,,,,,,
Los Primos Mexican Food,Monster California,9,2016-02-01,UTC,7770 Regents Rd,[],,,,<a href='http://www.primosmex.com/'>http://www.primosmex.com/</a>,3,3.7,x,9.25,3.5,,,,,,2,4.5,4.5,3.5,1.5,3,3.5,4,2,3.9,,Scott,this tasted really bad leftover. not included in rating,,,x,x,x,x,x,x,,,,,,,,,,,,,,,,,,,,,,,,,,,,,,,
Los tacos ,Local,3,2016-06-05,Oceanside,2183 Vista Way,"[{""place_id"":""55774057"",""licence"":""Data © OpenStreetMap contributors, ODbL 1.0. http:\/\/www.openstreetmap.org\/copyright"",""osm_type"":""node"",""osm_id"":""4470601977"",""boundingbox"":[""33.182423"",""33.182523"",""-117.3409453"",""-117.3408453""],""lat"":""33.182473"",""lon"":""-117.3408953"",""display_name"":""Brooklyn Boyz Pizza, 2183, Vista Way, Pacifc Coast Plaza, Oceanside, San Diego County, California, 92054, United States of America"",""class"":""amenity"",""type"":""restaurant"",""importance"":0.531,""icon"":""http:\/\/nominatim.openstreetmap.org\/images\/mapicons\/food_restaurant.p.20.png"",""address"":{""restaurant"":""Brooklyn Boyz Pizza"",""house_number"":""2183"",""road"":""Vista Way"",""commercial"":""Pacifc Coast Plaza"",""city"":""Oceanside"",""county"":""San Diego County"",""state"":""California"",""postcode"":""92054"",""country"":""United States of America"",""country_code"":""us""}}]",-117.3408953,33.182473,POINT(-13062328.714 3919549.32404),<a href='https://www.yelp.com/biz/los-tacos-oceanside'>https://www.yelp.com/biz/los-tacos-oceanside</a>,4,4.2,,7.9,3.5,,,20.5,21.5,0.75,3.5,4.5,4.5,4,1.5,1.5,3,4,5,3.5,Yes,Scott,,,,,X,,X,X,,X,,,,,,,,,,,,,,,,X,,,,,,,,,,,,,,
Los Tacos 2,Al pastor tradicional ,3,2017-05-13,Oceanside,3480 Marron Rd,"[{""place_id"":""123211948"",""licence"":""Data © OpenStreetMap contributors, ODbL 1.0. http:\/\/www.openstreetmap.org\/copyright"",""osm_type"":""way"",""osm_id"":""225875523"",""boundingbox"":[""33.1764876"",""33.1766955"",""-117.3369605"",""-117.3362034""],""lat"":""33.176549"",""lon"":""-117.33667"",""display_name"":""Marron Road, Plaza Camino Real, Carlsbad, San Diego County, California, 92008, United States of America"",""class"":""highway"",""type"":""secondary"",""importance"":0.235,""address"":{""road"":""Marron Road"",""commercial"":""Plaza Camino Real"",""city"":""Carlsbad"",""county"":""San Diego County"",""state"":""California"",""postcode"":""92008"",""country"":""United States of America"",""country_code"":""us""}}]",-117.33667,33.176549,POINT(-13061858.3558 3918761.40513),<a href='https://www.yelp.com/biz/los-tacos-oceanside-2'>https://www.yelp.com/biz/los-tacos-oceanside-2</a>,4.5,5,,8.25,3.8,430,0.632352941,22.5,19.5,0.68,4,,4,3,3,2.5,4,3,5,3.6,,Scott,,,,,X,X,,,,X,,,,,,,,,,,,,,,,,,,,,,,,,,,,,,
Lourdes,Carnitas,2,2017-03-03,Encinitas,2113 San Elijo Ave,"[{""place_id"":""164456279"",""licence"":""Data © OpenStreetMap contributors, ODbL 1.0. http:\/\/www.openstreetmap.org\/copyright"",""osm_type"":""way"",""osm_id"":""436402225"",""boundingbox"":[""33.022488"",""33.0227785"",""-117.2835285"",""-117.283348""],""lat"":""33.0225991"",""lon"":""-117.283417"",""display_name"":""San Elijo Avenue, Encinitas, San Diego County, California, 92007, United States of America"",""class"":""highway"",""type"":""secondary"",""importance"":0.545,""address"":{""road"":""San Elijo Avenue"",""city"":""Encinitas"",""county"":""San Diego County"",""state"":""California"",""postcode"":""92007"",""country"":""United States of America"",""country_code"":""us""}}]",-117.283417,33.0225991,POINT(-13055930.2589 3898304.00026),<a href='https://www.yelp.com/biz/lourdes-encinitas-2'>https://www.yelp.com/biz/lourdes-encinitas-2</a>,4,4.7,,7.35,3.5,415,0.691666667,21,19,0.6,3.5,3,3.5,3,4.5,4.5,4,4,5,3.75,,Emily,,,,,,,,,,,,,,,,,,,,,,,,,,,,,,,,,,,,,,,,
Lucha Libre North Park,Surf & Turf,10,2016-08-30,North Park,3016 University Ave,"[{""place_id"":""128395017"",""licence"":""Data © OpenStreetMap contributors, ODbL 1.0. http:\/\/www.openstreetmap.org\/copyright"",""osm_type"":""way"",""osm_id"":""240066910"",""boundingbox"":[""32.7484184"",""32.748486"",""-117.1496996"",""-117.1495412""],""lat"":""32.748486"",""lon"":""-117.1496996"",""display_name"":""University Avenue, North Park, San Diego, San Diego County, California, 92103, United States of America"",""class"":""highway"",""type"":""secondary"",""importance"":0.535,""address"":{""road"":""University Avenue"",""suburb"":""North Park"",""city"":""San Diego"",""county"":""San Diego County"",""state"":""California"",""postcode"":""92103"",""country"":""United States of America"",""country_code"":""us""}}]",-117.1496996,32.748486,POINT(-13041044.9061 3861967.07435),<a href='https://www.yelp.com/biz/lucha-libre-san-diego'>https://www.yelp.com/biz/lucha-libre-san-diego</a>,3.5,4.3,x,8.25,4,,,19,22.5,0.77,3,2.5,3,3,3,3,3.5,3,3,3,Yes,Hannah,,,,x,x,,,,,,,x,,x,,,,,,,x,,,,,,,,,,,,,,,x,,,,
Lupe's Taco Shop,Hot cheetos,5,2017-01-12,Linda Vista,7621 Linda Vista Rd,"[{""place_id"":""108365500"",""licence"":""Data © OpenStreetMap contributors, ODbL 1.0. http:\/\/www.openstreetmap.org\/copyright"",""osm_type"":""way"",""osm_id"":""157976449"",""boundingbox"":[""32.7639732"",""32.7648439"",""-117.1978446"",""-117.197363""],""lat"":""32.7644056"",""lon"":""-117.1976402"",""display_name"":""Linda Vista Road, Old Town, San Diego, San Diego County, California, 92110, United States of America"",""class"":""highway"",""type"":""secondary"",""importance"":0.535,""address"":{""road"":""Linda Vista Road"",""suburb"":""Old Town"",""city"":""San Diego"",""county"":""San Diego County"",""state"":""California"",""postcode"":""92110"",""country"":""United States of America"",""country_code"":""us""}}]",-117.1976402,32.7644056,POINT(-13046381.6292 3864074.33693),<a href='https://www.yelp.com/biz/lupes-taco-shop-san-diego'>https://www.yelp.com/biz/lupes-taco-shop-san-diego</a>,3.5,4.5,x,7.29,3.5,,,19,21.5,0.7,3,2,3.5,3.5,3,2.5,3.7,3.2,4.2,3.7,,Scott,"Cheese is cold, but guac, salsa, and chips are good",,,,,,,,,,,,,,,,,,,,,,,,,,,,,,,,,,,,,,,
Matador Mexican Food,Carnitas,2,2016-10-02,Morena,5201 Linda Vista Rd,"[{""place_id"":""5766365"",""licence"":""Data © OpenStreetMap contributors, ODbL 1.0. http:\/\/www.openstreetmap.org\/copyright"",""osm_type"":""node"",""osm_id"":""596864580"",""boundingbox"":[""32.76537"",""32.76547"",""-117.196458"",""-117.196358""],""lat"":""32.76542"",""lon"":""-117.196408"",""display_name"":""5201, Linda Vista Road, Old Town, San Diego, San Diego County, California, 92110, United States of America"",""class"":""place"",""type"":""house"",""importance"":0.421,""address"":{""house_number"":""5201"",""road"":""Linda Vista Road"",""suburb"":""Old Town"",""city"":""San Diego"",""county"":""San Diego County"",""state"":""California"",""postcode"":""92110"",""country"":""United States of America"",""country_code"":""us""}}]",-117.196408,32.76542,POINT(-13046244.4614 3864208.62488),<a href='https://www.yelp.com/biz/matador-mexican-grill-san-diego-2'>https://www.yelp.com/biz/matador-mexican-grill-san-diego-2</a>,4.5,4,X,6.6,3.2,,,,,,1.4,3.7,3,3.2,4.8,2.4,3,2.9,3,3,No,Scott,,,,,X,X,,,,X,,,,,,,,,,,,,,,,,,,,,,,,,,,,,,
Mi Asador Mexican & Seafood ,California ,2,2016-04-27,Oceanside,4750 Oceanside Blvd,"[{""place_id"":""5169983"",""licence"":""Data © OpenStreetMap contributors, ODbL 1.0. http:\/\/www.openstreetmap.org\/copyright"",""osm_type"":""node"",""osm_id"":""596093923"",""boundingbox"":[""33.216671"",""33.216771"",""-117.271782"",""-117.271682""],""lat"":""33.216721"",""lon"":""-117.271732"",""display_name"":""4750, Oceanside Boulevard, Oceanside, San Diego County, California, 92056, United States of America"",""class"":""place"",""type"":""house"",""importance"":0.441,""address"":{""house_number"":""4750"",""road"":""Oceanside Boulevard"",""city"":""Oceanside"",""county"":""San Diego County"",""state"":""California"",""postcode"":""92056"",""country"":""United States of America"",""country_code"":""us""}}]",-117.271732,33.216721,POINT(-13054629.4907 3924105.5084),<a href='https://sites.google.com/site/miasador/'>https://sites.google.com/site/miasador/</a>,4.5,4.4,x,6.89,3,,,25,22,0.96,3,2.5,3,2.5,2.5,2,3.5,3,4,3,No,Scott,,,,X,,X,x,X,X,,,,,,,,,,,,,,,,,,,,,,,,,,,,,,,
Mikes Taco Club,California,1,2016-03-23,Ocean Beach,5060 Newport Ave,"[{""place_id"":""127667903"",""licence"":""Data © OpenStreetMap contributors, ODbL 1.0. http:\/\/www.openstreetmap.org\/copyright"",""osm_type"":""way"",""osm_id"":""237056982"",""boundingbox"":[""32.739403"",""32.747818"",""-117.252617"",""-117.238918""],""lat"":""32.7436805"",""lon"":""-117.2458649"",""display_name"":""Newport Avenue, Ocean Beach, San Diego, San Diego County, California, 92110, United States of America"",""class"":""highway"",""type"":""secondary"",""importance"":0.535,""address"":{""road"":""Newport Avenue"",""suburb"":""Ocean Beach"",""city"":""San Diego"",""county"":""San Diego County"",""state"":""California"",""postcode"":""92110"",""country"":""United States of America"",""country_code"":""us""}}]",-117.2458649,32.7436805,POINT(-13051749.9783 3861331.04881),<a href='http://www.mikestacoclub.com/menu/'>http://www.mikestacoclub.com/menu/</a>,4.5,4.9,,8.59,2.5,,,,,,4,4.5,3.5,5,2.5,2,4,4.5,4,4.3,,Scott,,,,x,x,x,x,x,x,,,,,,,,,,,,,,,,,,,,,,,,,,,,,,,
Mister Falafel,Chicken Shawarma,1,2016-12-15,Clairemont,4461 Clairemont Mesa Blvd,"[{""place_id"":""163667385"",""licence"":""Data © OpenStreetMap contributors, ODbL 1.0. http:\/\/www.openstreetmap.org\/copyright"",""osm_type"":""way"",""osm_id"":""436322858"",""boundingbox"":[""32.8307012"",""32.8312462"",""-117.2157687"",""-117.2156491""],""lat"":""32.8308829"",""lon"":""-117.2157296"",""display_name"":""Clairemont Mesa Boulevard, Clairemont, San Diego, San Diego County, California, 92037, United States of America"",""class"":""highway"",""type"":""secondary"",""importance"":0.455,""address"":{""road"":""Clairemont Mesa Boulevard"",""suburb"":""Clairemont"",""city"":""San Diego"",""county"":""San Diego County"",""state"":""California"",""postcode"":""92037"",""country"":""United States of America"",""country_code"":""us""}}]",-117.2157296,32.8308829,POINT(-13048395.332 3872877.95087),<a href='https://www.yelp.com/biz/mister-falafel-san-diego'>https://www.yelp.com/biz/mister-falafel-san-diego</a>,4.5,4.6,,6.99,3.7,,,24,18.5,0.65,3.6,4,4,3,3.8,4.3,,3.8,2,3.5,Yes,Scott,Richard recommended this. Like a Mediterranean burrito,x,,,,,,,,,,,,,,,,,,,,,,,,,,,,,,,,,,,,,,
Mr. Ruribertos Taco Shop ,California,2,2016-12-10,Mission Beach,3202 Mission Blvd,"[{""place_id"":""5567680"",""licence"":""Data © OpenStreetMap contributors, ODbL 1.0. http:\/\/www.openstreetmap.org\/copyright"",""osm_type"":""node"",""osm_id"":""596428442"",""boundingbox"":[""32.77218"",""32.77228"",""-117.251465"",""-117.251365""],""lat"":""32.77223"",""lon"":""-117.251415"",""display_name"":""3202, Mission Boulevard, Mission Beach, San Diego, San Diego County, California, 92109, United States of America"",""class"":""place"",""type"":""house"",""importance"":0.521,""address"":{""house_number"":""3202"",""road"":""Mission Boulevard"",""suburb"":""Mission Beach"",""city"":""San Diego"",""county"":""San Diego County"",""state"":""California"",""postcode"":""92109"",""country"":""United States of America"",""country_code"":""us""}}]",-117.251415,32.77223,POINT(-13052367.8126 3865110.18355),<a href='https://www.yelp.com/biz/ruribertos-taco-shop-san-diego'>https://www.yelp.com/biz/ruribertos-taco-shop-san-diego</a>,3.5,3.7,,7.75,4,,,20,21,0.7,3.5,2.5,3,3.3,1.4,2.3,2.2,3.3,4.5,2.9,No,Scott,,,,X,X,,X,X,X,,,,,,,,,,,,,,,,,,,,,,,,,,,,,,,
Netos Mexican Food,California ,2,2016-05-26,San Marcos,325 S Rancho Santa Fe Rd,"[{""place_id"":""163803215"",""licence"":""Data © OpenStreetMap contributors, ODbL 1.0. http:\/\/www.openstreetmap.org\/copyright"",""osm_type"":""way"",""osm_id"":""436259363"",""boundingbox"":[""33.1494301"",""33.1496631"",""-117.1987083"",""-117.1985266""],""lat"":""33.1495621"",""lon"":""-117.1986269"",""display_name"":""South Rancho Santa Fe Road, Villa Vista Estates Mobil Home Park, San Marcos, San Diego County, California, 92078, United States of America"",""class"":""highway"",""type"":""primary"",""importance"":0.735,""address"":{""road"":""South Rancho Santa Fe Road"",""neighbourhood"":""Villa Vista Estates Mobil Home Park"",""city"":""San Marcos"",""county"":""San Diego County"",""state"":""California"",""postcode"":""92078"",""country"":""United States of America"",""country_code"":""us""}}]",-117.1986269,33.1495621,POINT(-13046491.4682 3915172.69858),<a href='https://www.yelp.com/biz/netos-mexican-food-san-marcos'>https://www.yelp.com/biz/netos-mexican-food-san-marcos</a>,4.5,4.1,x,5.99,4,,,20.5,23.5,0.9,4.5,5,3,4,2,2,2,3.75,4,3.2,Yes,Scott,not 100% certain about the ingredients (was there guac and pico?),,,x,x,x,x,x,x,,,,,,,,,,,,,,,,,,,,,,,,,,,,,,,
Nico's Taco Shop,California,2,2016-01-30,Carmel Valley,3860 Valley Centre Dr,"[{""place_id"":""22423517"",""licence"":""Data © OpenStreetMap contributors, ODbL 1.0. http:\/\/www.openstreetmap.org\/copyright"",""osm_type"":""node"",""osm_id"":""2184863603"",""boundingbox"":[""32.9380083"",""32.9381083"",""-117.2326812"",""-117.2325812""],""lat"":""32.9380583"",""lon"":""-117.2326312"",""display_name"":""Nico's Taco Shop, 3860, Valley Centre Drive, Carmel Valley, San Diego, San Diego County, California, 92130, United States of America"",""class"":""amenity"",""type"":""cafe"",""importance"":0.721,""icon"":""http:\/\/nominatim.openstreetmap.org\/images\/mapicons\/food_cafe.p.20.png"",""address"":{""cafe"":""Nico's Taco Shop"",""house_number"":""3860"",""road"":""Valley Centre Drive"",""suburb"":""Carmel Valley"",""city"":""San Diego"",""county"":""San Diego County"",""state"":""California"",""postcode"":""92130"",""country"":""United States of America"",""country_code"":""us""}}]",-117.2326312,32.9380583,POINT(-13050276.8095 3887085.12186),<a href='http://www.yelp.com/biz/nicos-taco-shop-san-diego'>http://www.yelp.com/biz/nicos-taco-shop-san-diego</a>,3,2.9,,7.19,1.5,,,,,,2,3,3,2,2.5,2.5,,2,3,2.6,,Scott,not fries. big potatoes,,,x,,,x,x,x,,,,,,,,,,,,,,,,,,,,,,,,,,,,,,,
Ortiz's Taco Shop #2,California,2,2016-11-02,Pacific Beach,1313 Garnet Ave,"[{""place_id"":""165151196"",""licence"":""Data © OpenStreetMap contributors, ODbL 1.0. http:\/\/www.openstreetmap.org\/copyright"",""osm_type"":""way"",""osm_id"":""436320393"",""boundingbox"":[""32.8010859"",""32.8011316"",""-117.2349439"",""-117.2347376""],""lat"":""32.8010859"",""lon"":""-117.2349439"",""display_name"":""Garnet Avenue, Pacific Beach, San Diego, San Diego County, California, 92109, United States of America"",""class"":""highway"",""type"":""secondary"",""importance"":0.535,""address"":{""road"":""Garnet Avenue"",""suburb"":""Pacific Beach"",""city"":""San Diego"",""county"":""San Diego County"",""state"":""California"",""postcode"":""92109"",""country"":""United States of America"",""country_code"":""us""}}]",-117.2349439,32.8010859,POINT(-13050534.2581 3868931.10892),<a href='https://www.yelp.com/biz/ortizs-taco-shop-san-diego-2'>https://www.yelp.com/biz/ortizs-taco-shop-san-diego-2</a>,4,4.2,,6.39,4,,,20,21,0.7,4,4,4,4,4.5,4.5,4.2,4.5,4.5,4.25,Yes,Scott,,,,,,,,,,,,,,,,,,,,,,,,,,,,,,,,,,,,,,,,
Oscar's Mexican food,California ,3,2016-01-24,San Marcos,225 S Rancho Santa Fe Rd,"[{""place_id"":""5644968"",""licence"":""Data © OpenStreetMap contributors, ODbL 1.0. http:\/\/www.openstreetmap.org\/copyright"",""osm_type"":""node"",""osm_id"":""596439547"",""boundingbox"":[""33.145189"",""33.145289"",""-117.200321"",""-117.200221""],""lat"":""33.145239"",""lon"":""-117.200271"",""display_name"":""225, South Rancho Santa Fe Road, Palomar West Mobile Home Park, San Elijo Hills, San Marcos, San Diego County, California, 92078, United States of America"",""class"":""place"",""type"":""house"",""importance"":0.821,""address"":{""house_number"":""225"",""road"":""South Rancho Santa Fe Road"",""neighbourhood"":""Palomar West Mobile Home Park"",""suburb"":""San Elijo Hills"",""city"":""San Marcos"",""county"":""San Diego County"",""state"":""California"",""postcode"":""92078"",""country"":""United States of America"",""country_code"":""us""}}]",-117.200271,33.145239,POINT(-13046674.4886 3914597.91718),<a href='http://www.yelp.com/biz/oscars-mexican-food-san-marcos'>http://www.yelp.com/biz/oscars-mexican-food-san-marcos</a>,3.5,3.3,,5.45,3.5,,,,,,2,3.5,2.5,2.5,2,4,3.5,2.5,5,3,,Scott,Fries: 3/5; too little meat,,,x,x,x,x,x,,,,,,,,,,,,,,,,,,,,,,,,,,,,,,,,
Papa Chito's Mexican Food,California,1,2016-08-09,University City,3951 Governor Dr,"[{""place_id"":""164438312"",""licence"":""Data © OpenStreetMap contributors, ODbL 1.0. http:\/\/www.openstreetmap.org\/copyright"",""osm_type"":""way"",""osm_id"":""436322185"",""boundingbox"":[""32.8523219"",""32.8545453"",""-117.2096757"",""-117.2060109""],""lat"":""32.8532065"",""lon"":""-117.2083685"",""display_name"":""Governor Drive, University City, San Diego, San Diego County, California, 92037, United States of America"",""class"":""highway"",""type"":""secondary"",""importance"":0.535,""address"":{""road"":""Governor Drive"",""neighbourhood"":""University City"",""suburb"":""University City"",""city"":""San Diego"",""county"":""San Diego County"",""state"":""California"",""postcode"":""92037"",""country"":""United States of America"",""country_code"":""us""}}]",-117.2083685,32.8532065,POINT(-13047575.8981 3875835.75129),<a href='https://www.yelp.com/biz/papa-chitos-mexican-food-san-diego'>https://www.yelp.com/biz/papa-chitos-mexican-food-san-diego</a>,2.5,3.3,,6.25,3.5,,,21.5,20,0.68,3.5,3.5,2.5,2.5,2.5,4,2,1.5,5,2.2,No,Scott,,,,x,x,,x,x,,,,,,,,,,,,,,,,,,,,,,,,,,,,,,,,
Pedro's Tacos,California Burrito,1,2016-05-22,Oceanside,,"[{""place_id"":""179723601"",""licence"":""Data © OpenStreetMap contributors, ODbL 1.0. http:\/\/www.openstreetmap.org\/copyright"",""osm_type"":""relation"",""osm_id"":""2305280"",""boundingbox"":[""33.1524845"",""33.3000686"",""-117.3998741"",""-117.236575""],""lat"":""33.1958696"",""lon"":""-117.3794834"",""display_name"":""Oceanside, San Diego County, California, United States of America"",""class"":""place"",""type"":""city"",""importance"":0.33402203262939,""icon"":""http:\/\/nominatim.openstreetmap.org\/images\/mapicons\/poi_place_city.p.20.png"",""address"":{""city"":""Oceanside"",""county"":""San Diego County"",""state"":""California"",""country"":""United States of America"",""country_code"":""us""}}]",-117.3794834,33.1958696,POINT(-13066624.3217 3921331.32918),,,,,6.5,5,,,,,,3,,4,5,4,4,,5,5,5,Yes,Erika N,,x,,,,,,,,,,,,,,,,,,,,,,,,,,,,,,,,,,,,,,
Pokirrito,Pokirrito classic ,2,2016-05-29,Kearny Mesa,4646 Convoy St,"[{""place_id"":""137199572"",""licence"":""Data © OpenStreetMap contributors, ODbL 1.0. http:\/\/www.openstreetmap.org\/copyright"",""osm_type"":""way"",""osm_id"":""283725080"",""boundingbox"":[""32.8363321"",""32.8366553"",""-117.1522992"",""-117.1522532""],""lat"":""32.8366104"",""lon"":""-117.1522593"",""display_name"":""Convoy Street, Clairemont, San Diego, San Diego County, California, 92111-2201, United States of America"",""class"":""highway"",""type"":""secondary"",""importance"":0.335,""address"":{""road"":""Convoy Street"",""suburb"":""Clairemont"",""city"":""San Diego"",""county"":""San Diego County"",""state"":""California"",""postcode"":""92111-2201"",""country"":""United States of America"",""country_code"":""us""}}]",-117.1522593,32.8366104,POINT(-13041329.8506 3873636.75404),<a href='https://www.yelp.com/biz/pokirrito-san-diego-2'>https://www.yelp.com/biz/pokirrito-san-diego-2</a>,4,4.3,x,11.95,4,,,18,23.5,0.79,3.5,4,4,4.5,2.5,2.5,3,4,2,4.2,Yes,Scott,Lotus chips add good crunch,x,,,,,,,,,,,,,,,,,,,,,,,,,,,,,,,,,x,,,,,
Pollos Maria,California,3,2016-01-27,Carlsbad,3055 Harding St,"[{""place_id"":""178917023"",""licence"":""Data © OpenStreetMap contributors, ODbL 1.0. http:\/\/www.openstreetmap.org\/copyright"",""osm_type"":""way"",""osm_id"":""498120851"",""boundingbox"":[""33.1611346"",""33.1612744"",""-117.3444151"",""-117.344254""],""lat"":""33.1611938"",""lon"":""-117.344342665012"",""display_name"":""Pollo Maria, 3055, Harding Street, Carlsbad, San Diego County, California, 92008, United States of America"",""class"":""amenity"",""type"":""restaurant"",""importance"":0.531,""icon"":""http:\/\/nominatim.openstreetmap.org\/images\/mapicons\/food_restaurant.p.20.png"",""address"":{""restaurant"":""Pollo Maria"",""house_number"":""3055"",""road"":""Harding Street"",""city"":""Carlsbad"",""county"":""San Diego County"",""state"":""California"",""postcode"":""92008"",""country"":""United States of America"",""country_code"":""us""}}]",-117.344342665012,33.1611938,POINT(-13062712.4729 3916719.34169),<a href='http://pollosmaria.com/'>http://pollosmaria.com/</a>,4,3.8,x,6.59,4,,,,,,4,5,4,3.5,4.5,5,2.5,4.5,4,4.2,,Scott,,,,x,x,,x,x,,,,,,,,,,,,,,,,,,,,,,,,,,,,,,,,
Porkyland ,Deborah's special,3,2016-04-02,Carmel Valley,4645 Carmel Mountain Rd,"[{""place_id"":""21923169"",""licence"":""Data © OpenStreetMap contributors, ODbL 1.0. http:\/\/www.openstreetmap.org\/copyright"",""osm_type"":""node"",""osm_id"":""2148537624"",""boundingbox"":[""32.9203551"",""32.9204551"",""-117.2141165"",""-117.2140165""],""lat"":""32.9204051"",""lon"":""-117.2140665"",""display_name"":""BBQ Republic, 4645, Carmel Mountain Road, Carmel Valley, San Diego, San Diego County, California, 92130, United States of America"",""class"":""amenity"",""type"":""restaurant"",""importance"":0.621,""icon"":""http:\/\/nominatim.openstreetmap.org\/images\/mapicons\/food_restaurant.p.20.png"",""address"":{""restaurant"":""BBQ Republic"",""house_number"":""4645"",""road"":""Carmel Mountain Road"",""suburb"":""Carmel Valley"",""city"":""San Diego"",""county"":""San Diego County"",""state"":""California"",""postcode"":""92130"",""country"":""United States of America"",""country_code"":""us""}}]",-117.2140665,32.9204051,POINT(-13048210.1966 3884743.83099),<a href='http://goporkyland.com/'>http://goporkyland.com/</a>,4,4.4,x,8.25,3.5,,,,,,4,4.5,3.5,2.5,4.5,4.5,4,3.5,5,4,,Scott,,,,x,,,,,,,,,,,,,,,,,,,,,,,,,x,,,,,,,,,,,
"Qdoba Mexican Grill, Seatac Airport",Custom,1,2016-03-19,Seattle,Airport,"[{""place_id"":""105421890"",""licence"":""Data © OpenStreetMap contributors, ODbL 1.0. http:\/\/www.openstreetmap.org\/copyright"",""osm_type"":""way"",""osm_id"":""156007704"",""boundingbox"":[""47.5110636"",""47.5137819"",""-122.2881501"",""-122.2865882""],""lat"":""47.5110636"",""lon"":""-122.2865882"",""display_name"":""Airport Way South, Rainier Valley, Seattle, King County, Washington, 98178, United States of America"",""class"":""highway"",""type"":""trunk_link"",""importance"":0.22875,""address"":{""road"":""Airport Way South"",""suburb"":""Rainier Valley"",""city"":""Seattle"",""county"":""King County"",""state"":""Washington"",""postcode"":""98178"",""country"":""United States of America"",""country_code"":""us""}}]",-122.2865882,47.5110636,POINT(-13612880.7293 6025895.30168),,,,,9.5,5,,,,,,3,3,3.5,3,4,1,3,2.5,5,3,,Sage,,x,,,x,x,x,,,x,,,,x,x,x,,,,,,,,,,,,,,,,,,,,,,,,
Raul's Mexican food,Chile verde pork,2,2016-03-11,Encinitas,490 S Coast Hwy 101,"[{""place_id"":""163891966"",""licence"":""Data © OpenStreetMap contributors, ODbL 1.0. http:\/\/www.openstreetmap.org\/copyright"",""osm_type"":""way"",""osm_id"":""436442867"",""boundingbox"":[""33.043362"",""33.0438111"",""-117.2935505"",""-117.293488""],""lat"":""33.0438111"",""lon"":""-117.2935505"",""display_name"":""South Coast Highway 101, Encinitas, San Diego County, California, 92007, United States of America"",""class"":""highway"",""type"":""secondary"",""importance"":0.545,""address"":{""road"":""South Coast Highway 101"",""city"":""Encinitas"",""county"":""San Diego County"",""state"":""California"",""postcode"":""92007"",""country"":""United States of America"",""country_code"":""us""}}]",-117.2935505,33.0438111,POINT(-13057058.315 3901120.59903),<a href='https://www.yelp.com/biz/rauls-shack-encinitas'>https://www.yelp.com/biz/rauls-shack-encinitas</a>,4,4.2,,5,3.5,,,,,,2,,2.5,2,2,2,2,2.5,,2,,Emily,,,,,,,,,,x,,,,,x,,,,,,,x,,,,,,,,,,,,,,,,,,
Rigoberto's Taco Shop,Carne asada,12,2016-03-08,Miramar,7094 Miramar Rd,"[{""place_id"":""166773183"",""licence"":""Data © OpenStreetMap contributors, ODbL 1.0. http:\/\/www.openstreetmap.org\/copyright"",""osm_type"":""way"",""osm_id"":""436428517"",""boundingbox"":[""32.893698"",""32.8937565"",""-117.1234455"",""-117.1188758""],""lat"":""32.8937565"",""lon"":""-117.1199398"",""display_name"":""Miramar Road, Mira Mesa, San Diego, San Diego County, California, SCRIPPS RANCH BLVD., United States of America"",""class"":""highway"",""type"":""primary"",""importance"":0.335,""address"":{""road"":""Miramar Road"",""suburb"":""Mira Mesa"",""city"":""San Diego"",""county"":""San Diego County"",""state"":""California"",""postcode"":""SCRIPPS RANCH BLVD."",""country"":""United States of America"",""country_code"":""us""}}]",-117.1199398,32.8937565,POINT(-13037732.0603 3881210.39167),<a href='https://www.yelp.com/biz/rigobertos-taco-shop-san-diego-2'>https://www.yelp.com/biz/rigobertos-taco-shop-san-diego-2</a>,4,4.4,,6.6,3.5,,,,,,4,2,4,3.5,4.5,4,3.5,4,1,4.25,,Ricardo,,,,x,x,x,,,,,,,,,,,,,,,,,,,,,,,,,,,,,,,,,,
Rigoberto's Taco Shop La Jolla,California,1,2016-02-17,La Jolla,7345 La Jolla Blvd,"[{""place_id"":""5600999"",""licence"":""Data © OpenStreetMap contributors, ODbL 1.0. http:\/\/www.openstreetmap.org\/copyright"",""osm_type"":""node"",""osm_id"":""596271303"",""boundingbox"":[""32.837144"",""32.837244"",""-117.278053"",""-117.277953""],""lat"":""32.837194"",""lon"":""-117.278003"",""display_name"":""7345, La Jolla Boulevard, La Jolla, San Diego, San Diego County, California, 92037, United States of America"",""class"":""place"",""type"":""house"",""importance"":0.621,""address"":{""house_number"":""7345"",""road"":""La Jolla Boulevard"",""suburb"":""La Jolla"",""city"":""San Diego"",""county"":""San Diego County"",""state"":""California"",""postcode"":""92037"",""country"":""United States of America"",""country_code"":""us""}}]",-117.278003,32.837194,POINT(-13055327.5752 3873714.07456),<a href='https://www.yelp.com/biz/rigobertos-la-jolla-2'>https://www.yelp.com/biz/rigobertos-la-jolla-2</a>,2.5,4,,6.4,4,,,,,,3,4,2.75,3,4,2,2,,5,3,,Leo,,,,x,x,,,x,,,,,,,,,,,,,,,,,,,,,,,,,,,,,,,,
Roberto's Taco Shop Clairemont,California,3,2016-09-11,Clairemont,3095 Clairemont Dr,"[{""place_id"":""163997657"",""licence"":""Data © OpenStreetMap contributors, ODbL 1.0. http:\/\/www.openstreetmap.org\/copyright"",""osm_type"":""way"",""osm_id"":""436322841"",""boundingbox"":[""32.8304195"",""32.8308137"",""-117.2060408"",""-117.2059304""],""lat"":""32.8307301"",""lon"":""-117.2059558"",""display_name"":""Clairemont Drive, Clairemont, San Diego, San Diego County, California, 92037, United States of America"",""class"":""highway"",""type"":""secondary"",""importance"":0.455,""address"":{""road"":""Clairemont Drive"",""suburb"":""Clairemont"",""city"":""San Diego"",""county"":""San Diego County"",""state"":""California"",""postcode"":""92037"",""country"":""United States of America"",""country_code"":""us""}}]",-117.2059558,32.8307301,POINT(-13047307.3176 3872857.70796),<a href='https://www.yelp.com/biz/robertos-taco-shop-clairemont-san-diego'>https://www.yelp.com/biz/robertos-taco-shop-clairemont-san-diego</a>,4,4,,5.79,4,,,,,,3,4.5,4,4,4,5,2.5,3,5,3.6,Yes,Scott,Fries are really good but the overall flavor is plain because lack of ingredients,,,x,,,x,x,,,,,,,,,,,,,,,,,,,,,,,,,,,,,,,,
Roberto's Taco Shop Hillcrest,Asada,4,2017-05-30,Hillcrest,420 Robinson Ave,"[{""place_id"":""137070173"",""licence"":""Data © OpenStreetMap contributors, ODbL 1.0. http:\/\/www.openstreetmap.org\/copyright"",""osm_type"":""way"",""osm_id"":""293942574"",""boundingbox"":[""32.746403"",""32.7464225"",""-117.1555577"",""-117.1463465""],""lat"":""32.746414"",""lon"":""-117.150871"",""display_name"":""Robinson Avenue, North Park, Uptown, San Diego, San Diego County, California, 92103, United States of America"",""class"":""highway"",""type"":""tertiary"",""importance"":0.335,""address"":{""road"":""Robinson Avenue"",""neighbourhood"":""North Park"",""suburb"":""Uptown"",""city"":""San Diego"",""county"":""San Diego County"",""state"":""California"",""postcode"":""92103"",""country"":""United States of America"",""country_code"":""us""}}]",-117.150871,32.746414,POINT(-13041175.3057 3861692.83335),<a href='https://www.yelp.com/biz/robertos-taco-shop-hillcrest-san-diego'>https://www.yelp.com/biz/robertos-taco-shop-hillcrest-san-diego</a>,4,4.2,,7,3.5,450,0.625,19.5,21.5,0.72,4,4,2,2.5,4.5,4,3,2.9,4.5,2.8,,Scott,,,,x,x,x,,,,,,,,,,,,,,,,,,,,,,,,,,,,,,,,,,
Roberto's Very Mexican Food,Chicken asada,2,2016-05-24,Del Mar,2206 Carmel Valley Road,"[{""place_id"":""166561811"",""licence"":""Data © OpenStreetMap contributors, ODbL 1.0. http:\/\/www.openstreetmap.org\/copyright"",""osm_type"":""way"",""osm_id"":""436308931"",""boundingbox"":[""32.9363898"",""32.939053"",""-117.258163"",""-117.2574858""],""lat"":""32.9378269"",""lon"":""-117.257607"",""display_name"":""Carmel Valley Road, Del Mar, San Diego County, California, 92014, United States of America"",""class"":""highway"",""type"":""secondary"",""importance"":0.635,""address"":{""road"":""Carmel Valley Road"",""city"":""Del Mar"",""county"":""San Diego County"",""state"":""California"",""postcode"":""92014"",""country"":""United States of America"",""country_code"":""us""}}]",-117.257607,32.9378269,POINT(-13053057.1029 3887054.42896),<a href='https://www.yelp.com/biz/robertos-very-mexican-food-del-mar-2'>https://www.yelp.com/biz/robertos-very-mexican-food-del-mar-2</a>,3.5,3.9,,6.5,2,,,18.5,21.5,0.68,1.5,4,2,2,4.5,1,1,2,5,1.5,No,Scott,,,,,x,x,,,,,x,,,,,,,,,,,,,,,,,,,,,,,,,,,,,
Rubios UCSD,Tilapia one,2,2016-08-30,UTC,9500 Gilman Dr,[],,,,<a href='https://www.yelp.com/biz/rubios-la-jolla-4'>https://www.yelp.com/biz/rubios-la-jolla-4</a>,3.5,3.4,x,7.99,3.5,,,17,20,0.54,1.5,4,3,3,1.5,4.5,2.5,3,1.5,3.2,No,Scott,,,,,,X,,,,,,,X,X,,,,,,X,,,,,,,,,,,,,,,,,x,,,
Rudy's Taco Shop,Chicken,2,2016-04-09,Solana Beach,524 Stevens Ave,"[{""place_id"":""41270741"",""licence"":""Data © OpenStreetMap contributors, ODbL 1.0. http:\/\/www.openstreetmap.org\/copyright"",""osm_type"":""node"",""osm_id"":""3067766549"",""boundingbox"":[""32.9903202"",""32.9904202"",""-117.2607958"",""-117.2606958""],""lat"":""32.9903702"",""lon"":""-117.2607458"",""display_name"":""Rudy's Taco Shop, 524, Stevens Avenue, Solana Beach, San Diego County, California, 92075, United States of America"",""class"":""amenity"",""type"":""restaurant"",""importance"":0.621,""icon"":""http:\/\/nominatim.openstreetmap.org\/images\/mapicons\/food_restaurant.p.20.png"",""address"":{""restaurant"":""Rudy's Taco Shop"",""house_number"":""524"",""road"":""Stevens Avenue"",""city"":""Solana Beach"",""county"":""San Diego County"",""state"":""California"",""postcode"":""92075"",""country"":""United States of America"",""country_code"":""us""}}]",-117.2607458,32.9903702,POINT(-13053406.5125 3894025.83825),<a href='http://www.rudystacoshop.com/'>http://www.rudystacoshop.com/</a>,4,4.3,,6.6,3.5,,,,,,3.5,3,4,4.5,3,1,3,4,0.5,2.8,No,Scott,"Salsa Fresca is good, way too small",,,,X,X,,,,,X,,,,,,,,,,,,,,,,,,,,,,,,,,,,,
Senor Grubby's,California,2,2016-04-24,Carlsbad,377 Carlsbad Village Dr,"[{""place_id"":""5647703"",""licence"":""Data © OpenStreetMap contributors, ODbL 1.0. http:\/\/www.openstreetmap.org\/copyright"",""osm_type"":""node"",""osm_id"":""596945807"",""boundingbox"":[""33.158383"",""33.158483"",""-117.349986"",""-117.349886""],""lat"":""33.158433"",""lon"":""-117.349936"",""display_name"":""377, Carlsbad Village Drive, Carlsbad, San Diego County, California, 92008, United States of America"",""class"":""place"",""type"":""house"",""importance"":0.641,""address"":{""house_number"":""377"",""road"":""Carlsbad Village Drive"",""city"":""Carlsbad"",""county"":""San Diego County"",""state"":""California"",""postcode"":""92008"",""country"":""United States of America"",""country_code"":""us""}}]",-117.349936,33.158433,POINT(-13063335.1201 3916352.22525),<a href='eatgrubbys.com'>eatgrubbys.com</a>,4,4.1,,9,2,,,19,21.5,0.7,2,3.5,3,1.5,1,1,2.5,1.5,3.5,1.5,No,Scott,"The ends of the burrito were decent, but the middle was terrible without much meat",,,x,x,,x,x,,,,,,,,,,,,,,,,,,,,,,,,,,,,,,,,
Senor Panchos,Pollo asado,2,2016-08-21,San Marcos,1909 W San Marcos Blvd,"[{""place_id"":""5207601"",""licence"":""Data © OpenStreetMap contributors, ODbL 1.0. http:\/\/www.openstreetmap.org\/copyright"",""osm_type"":""node"",""osm_id"":""596035874"",""boundingbox"":[""33.131439"",""33.131539"",""-117.209546"",""-117.209446""],""lat"":""33.131489"",""lon"":""-117.209496"",""display_name"":""1909, West San Marcos Boulevard, Palomar West Mobile Home Park, San Elijo Hills, San Marcos, San Diego County, California, 92078, United States of America"",""class"":""place"",""type"":""house"",""importance"":0.721,""address"":{""house_number"":""1909"",""road"":""West San Marcos Boulevard"",""neighbourhood"":""Palomar West Mobile Home Park"",""suburb"":""San Elijo Hills"",""city"":""San Marcos"",""county"":""San Diego County"",""state"":""California"",""postcode"":""92078"",""country"":""United States of America"",""country_code"":""us""}}]",-117.209496,33.131489,POINT(-13047701.4109 3912769.96261),<a href='https://www.yelp.com/biz/senor-panchos-mexican-restaurant-san-marcos'>https://www.yelp.com/biz/senor-panchos-mexican-restaurant-san-marcos</a>,4,4.2,,6.25,3.5,,,21.5,19.5,0.65,2.5,3.5,3,3,5,4.5,3.5,2,5,2.9,No,Scott,"guac is good, very avocado-y",,,,,,,,,,,,,,,,,,,,,,,,,,,,,,,,,,,,,,,
Sotos Mexican Food,California,2,2016-05-04,Miramar ,6904 Miramar Rd,"[{""place_id"":""166773183"",""licence"":""Data © OpenStreetMap contributors, ODbL 1.0. http:\/\/www.openstreetmap.org\/copyright"",""osm_type"":""way"",""osm_id"":""436428517"",""boundingbox"":[""32.893698"",""32.8937565"",""-117.1234455"",""-117.1188758""],""lat"":""32.8937565"",""lon"":""-117.1199398"",""display_name"":""Miramar Road, Mira Mesa, San Diego, San Diego County, California, SCRIPPS RANCH BLVD., United States of America"",""class"":""highway"",""type"":""primary"",""importance"":0.335,""address"":{""road"":""Miramar Road"",""suburb"":""Mira Mesa"",""city"":""San Diego"",""county"":""San Diego County"",""state"":""California"",""postcode"":""SCRIPPS RANCH BLVD."",""country"":""United States of America"",""country_code"":""us""}}]",-117.1199398,32.8937565,POINT(-13037732.0603 3881210.39167),<a href='https://www.yelp.com/biz/sotos-mexican-food-san-diego'>https://www.yelp.com/biz/sotos-mexican-food-san-diego</a>,4.5,4.6,x,6.75,3,,,22.5,23,0.95,4.5,4,3,4,1,3,4.5,3.5,4.5,3.5,Yes,Scott,Fries are good. Too little meat,,,X,,X,X,X,X,,,,,,,,,,,,,,,,,,,,,,,,,,,,,,,
Taco Stand,California,5,2016-02-12,La Jolla,621 Pearl St,"[{""place_id"":""102921100"",""licence"":""Data © OpenStreetMap contributors, ODbL 1.0. http:\/\/www.openstreetmap.org\/copyright"",""osm_type"":""way"",""osm_id"":""138876907"",""boundingbox"":[""32.839115"",""32.8405185"",""-117.278488"",""-117.2725065""],""lat"":""32.839802"",""lon"":""-117.27552"",""display_name"":""Pearl Street, La Jolla, San Diego, San Diego County, California, 92037, United States of America"",""class"":""highway"",""type"":""tertiary"",""importance"":0.535,""address"":{""road"":""Pearl Street"",""suburb"":""La Jolla"",""city"":""San Diego"",""county"":""San Diego County"",""state"":""California"",""postcode"":""92037"",""country"":""United States of America"",""country_code"":""us""}}]",-117.27552,32.839802,POINT(-13055051.1689 3874059.6118),<a href='http://letstaco.com/'>http://letstaco.com/</a>,4.5,4.4,,7.49,4,,,,,,3,2.5,4,4,3.5,2.5,3.5,5,4.5,4.2,,Emily,Horchata is very sweet,,,x,x,x,x,x,x,,,,,,,,,,,,,,,,,,,,,,,,,,,,,,,
Taco Stand Encinitas,California ,1,2016-10-29,Encinitas ,642 S Coast Hwy 101,"[{""place_id"":""5609209"",""licence"":""Data © OpenStreetMap contributors, ODbL 1.0. http:\/\/www.openstreetmap.org\/copyright"",""osm_type"":""node"",""osm_id"":""596565833"",""boundingbox"":[""33.044025"",""33.044125"",""-117.293932"",""-117.293832""],""lat"":""33.044075"",""lon"":""-117.293882"",""display_name"":""642, South Coast Highway 101, Encinitas, San Diego County, California, 92024, United States of America"",""class"":""place"",""type"":""house"",""importance"":0.631,""address"":{""house_number"":""642"",""road"":""South Coast Highway 101"",""city"":""Encinitas"",""county"":""San Diego County"",""state"":""California"",""postcode"":""92024"",""country"":""United States of America"",""country_code"":""us""}}]",-117.293882,33.044075,POINT(-13057095.2174 3901155.6448),<a href='https://www.yelp.com/biz/the-taco-stand-encinitas'>https://www.yelp.com/biz/the-taco-stand-encinitas</a>,4,4.4,,7.49,4,,,17.5,23.5,0.77,2,3.5,4.2,4.3,4,2.2,4.5,4,2.2,4.2,Yes,Scott,Much better than the first time we tried this location ,,,,,,,,,,,,,,,,,,,,,,,,,,,,,,,,,,,,,,,
Taco Surf PB,California,3,2016-05-23,Pacific Beach,4657 Mission Blvd,"[{""place_id"":""165522082"",""licence"":""Data © OpenStreetMap contributors, ODbL 1.0. http:\/\/www.openstreetmap.org\/copyright"",""osm_type"":""way"",""osm_id"":""436608592"",""boundingbox"":[""32.8039606"",""32.8041228"",""-117.2577996"",""-117.2577493""],""lat"":""32.804024"",""lon"":""-117.257767"",""display_name"":""Mission Boulevard, Pacific Beach, San Diego, San Diego County, California, 92109, United States of America"",""class"":""highway"",""type"":""secondary"",""importance"":0.435,""address"":{""road"":""Mission Boulevard"",""suburb"":""Pacific Beach"",""city"":""San Diego"",""county"":""San Diego County"",""state"":""California"",""postcode"":""92109"",""country"":""United States of America"",""country_code"":""us""}}]",-117.257767,32.804024,POINT(-13053074.914 3869320.22406),<a href='https://www.yelp.com/biz/taco-surf-taco-shop-san-diego'>https://www.yelp.com/biz/taco-surf-taco-shop-san-diego</a>,4,4.6,,7.14,3.5,,,20,23,0.84,4,2,4,5,4,2,4,4.5,5,4.4,Yes,Scott,not too much rice,,,x,,x,x,x,x,,,,,x,,,,,,,,,,,,,,,,,,,,,,,,,,
Taco Villa,Carnitas,11,2016-09-26,UTC,9500 Gilman Dr,[],,,,<a href='https://www.yelp.com/biz/taco-villa-san-diego'>https://www.yelp.com/biz/taco-villa-san-diego</a>,3.5,3.5,,5.99,2.5,,,18.5,20,0.59,3.2,3.8,4.5,2.8,4,2,1.8,3.5,5,4,Yes,Scott,Carnitas very good,,,,X,X,,,,X,,,,,,,,,,,,,,,,,,,,,,,,,,,,,,
Tacos La Bala,Pastor,2,2016-09-05,Houston,5800 Bellaire Blvd,"[{""place_id"":""161103130"",""licence"":""Data © OpenStreetMap contributors, ODbL 1.0. http:\/\/www.openstreetmap.org\/copyright"",""osm_type"":""way"",""osm_id"":""423468844"",""boundingbox"":[""29.7055415"",""29.7055621"",""-95.4925601"",""-95.4908928""],""lat"":""29.705551"",""lon"":""-95.4917683"",""display_name"":""Bellaire Boulevard, Houston, Harris County, Texas, 77074, United States of America"",""class"":""highway"",""type"":""primary"",""importance"":0.235,""address"":{""road"":""Bellaire Boulevard"",""city"":""Houston"",""county"":""Harris County"",""state"":""Texas"",""postcode"":""77074"",""country"":""United States of America"",""country_code"":""us""}}]",-95.4917683,29.705551,POINT(-10630095.0221 3465757.04291),<a href='tacoslabala.com'>tacoslabala.com</a>,4.5,4.1,,4.99,3.5,,,,,,2.5,2.5,4,2.5,1,1,2,4,0,2.5,No,Scott,Everything is in spanish. Get a taco or sope,,X,,,,,,,,,,,,,,,,,,,,,,,,,,,,,,,,,,,,,
Tacos por favor,Carne asada,2,2016-06-11,Santa Monica,1408 Olympic Blvd,"[{""place_id"":""81189130"",""licence"":""Data © OpenStreetMap contributors, ODbL 1.0. http:\/\/www.openstreetmap.org\/copyright"",""osm_type"":""way"",""osm_id"":""43051095"",""boundingbox"":[""34.0148147"",""34.0151965"",""-118.4868589"",""-118.4863415""],""lat"":""34.0151965"",""lon"":""-118.4863415"",""display_name"":""Olympic Boulevard, Santa Monica, Los Angeles County, California, 90401-2405, United States of America"",""class"":""highway"",""type"":""primary"",""importance"":0.435,""address"":{""road"":""Olympic Boulevard"",""city"":""Santa Monica"",""county"":""Los Angeles County"",""state"":""California"",""postcode"":""90401-2405"",""country"":""United States of America"",""country_code"":""us""}}]",-118.4863415,34.0151965,POINT(-13189839.2017 4030842.72737),<a href='https://www.yelp.com/biz/el-dorado-mexican-food-temecula'>https://www.yelp.com/biz/el-dorado-mexican-food-temecula</a>,4,4.1,x,7.85,3,,,16.5,20.5,0.55,3,4.5,4.5,3.5,3.5,3.5,1,4,1,3.5,Yes,Scott,,,x,X,X,X,,,,,,,,X,X,,,,,,,,,,,,,,,,,,,,,,,,,
Tony's Fresh Mexican Food,Chile verde pork,3,2016-02-11,Miramar,7122 Miramar Rd,"[{""place_id"":""166773183"",""licence"":""Data © OpenStreetMap contributors, ODbL 1.0. http:\/\/www.openstreetmap.org\/copyright"",""osm_type"":""way"",""osm_id"":""436428517"",""boundingbox"":[""32.893698"",""32.8937565"",""-117.1234455"",""-117.1188758""],""lat"":""32.8937565"",""lon"":""-117.1199398"",""display_name"":""Miramar Road, Mira Mesa, San Diego, San Diego County, California, SCRIPPS RANCH BLVD., United States of America"",""class"":""highway"",""type"":""primary"",""importance"":0.335,""address"":{""road"":""Miramar Road"",""suburb"":""Mira Mesa"",""city"":""San Diego"",""county"":""San Diego County"",""state"":""California"",""postcode"":""SCRIPPS RANCH BLVD."",""country"":""United States of America"",""country_code"":""us""}}]",-117.1199398,32.8937565,POINT(-13037732.0603 3881210.39167),<a href='https://www.yelp.com/biz/tonys-fresh-mexican-food-san-diego'>https://www.yelp.com/biz/tonys-fresh-mexican-food-san-diego</a>,3,4.1,x,6.95,2,,,,,,3,4,4,3,4,4,1,2,1,3,,Marc,,,,,x,,,x,,x,,,,x,x,,,,x,,,,,,,,,,,,,,,,,,,,,
Valentines Mexican Food,California ,4,2016-10-01,Downtown,1157 Sixth Ave,"[{""place_id"":""138566315"",""licence"":""Data © OpenStreetMap contributors, ODbL 1.0. http:\/\/www.openstreetmap.org\/copyright"",""osm_type"":""way"",""osm_id"":""302179625"",""boundingbox"":[""40.4380383"",""40.4381564"",""-79.9943727"",""-79.9942974""],""lat"":""40.4380383"",""lon"":""-79.9942974"",""display_name"":""Sixth Avenue, Downtown, PGH, Allegheny County, Pennsylvania, 15219, United States of America"",""class"":""highway"",""type"":""secondary"",""importance"":0.335,""address"":{""road"":""Sixth Avenue"",""suburb"":""Downtown"",""city"":""PGH"",""county"":""Allegheny County"",""state"":""Pennsylvania"",""postcode"":""15219"",""country"":""United States of America"",""country_code"":""us""}}]",-79.9942974,40.4380383,POINT(-8904924.45293 4929802.4889),<a href='https://www.yelp.com/biz/valentines-mexican-food-san-diego-6'>https://www.yelp.com/biz/valentines-mexican-food-san-diego-6</a>,4,4,X,7.9,4,,,20,22,0.77,4,4,4,4,4.5,4,4,4,2.5,4.2,Yes,Scott,Best horchata. Fries are great. Chips are really good,,,x,x,x,x,x,,,,,,,,,,,,,,,,,,,,,,,,,,,,,,,,
Vallarta express,Quesaburro,6,2016-03-21,Clairemont,4277 Genesee Ave,"[{""place_id"":""5860111"",""licence"":""Data © OpenStreetMap contributors, ODbL 1.0. http:\/\/www.openstreetmap.org\/copyright"",""osm_type"":""node"",""osm_id"":""596697970"",""boundingbox"":[""32.821317"",""32.821417"",""-117.182519"",""-117.182419""],""lat"":""32.821367"",""lon"":""-117.182469"",""display_name"":""4277, Genesee Avenue, Clairemont, San Diego, San Diego County, California, 92117, United States of America"",""class"":""place"",""type"":""house"",""importance"":0.531,""address"":{""house_number"":""4277"",""road"":""Genesee Avenue"",""suburb"":""Clairemont"",""city"":""San Diego"",""county"":""San Diego County"",""state"":""California"",""postcode"":""92117"",""country"":""United States of America"",""country_code"":""us""}}]",-117.182469,32.821367,POINT(-13044692.779 3871617.35282),<a href='http://www.vallartaexpress.com/menu/'>http://www.vallartaexpress.com/menu/</a>,3.5,4,,6.95,3.5,,,,,,3,4,3.5,4,4,4,3.5,4.5,4.5,4.1,,Scott,,,,x,x,x,x,,,,,,,,,,,,,,,,,,,,,,,,,,,,,,,,,
